CREATE DATABASE  IF NOT EXISTS `laptopweb` /*!40100 DEFAULT CHARACTER SET utf8mb4 COLLATE utf8mb4_0900_ai_ci */ /*!80016 DEFAULT ENCRYPTION='N' */;
USE `laptopweb`;
-- MySQL dump 10.13  Distrib 8.0.29, for Win64 (x86_64)
--
-- Host: localhost    Database: laptopweb
-- ------------------------------------------------------
-- Server version	8.0.29

/*!40101 SET @OLD_CHARACTER_SET_CLIENT=@@CHARACTER_SET_CLIENT */;
/*!40101 SET @OLD_CHARACTER_SET_RESULTS=@@CHARACTER_SET_RESULTS */;
/*!40101 SET @OLD_COLLATION_CONNECTION=@@COLLATION_CONNECTION */;
/*!50503 SET NAMES utf8 */;
/*!40103 SET @OLD_TIME_ZONE=@@TIME_ZONE */;
/*!40103 SET TIME_ZONE='+00:00' */;
/*!40014 SET @OLD_UNIQUE_CHECKS=@@UNIQUE_CHECKS, UNIQUE_CHECKS=0 */;
/*!40014 SET @OLD_FOREIGN_KEY_CHECKS=@@FOREIGN_KEY_CHECKS, FOREIGN_KEY_CHECKS=0 */;
/*!40101 SET @OLD_SQL_MODE=@@SQL_MODE, SQL_MODE='NO_AUTO_VALUE_ON_ZERO' */;
/*!40111 SET @OLD_SQL_NOTES=@@SQL_NOTES, SQL_NOTES=0 */;

--
-- Table structure for table `address`
--

DROP TABLE IF EXISTS `address`;
/*!40101 SET @saved_cs_client     = @@character_set_client */;
/*!50503 SET character_set_client = utf8mb4 */;
CREATE TABLE `address` (
  `id` int NOT NULL AUTO_INCREMENT,
  `user_id` int DEFAULT NULL,
  `addressName` varchar(200) DEFAULT NULL,
  PRIMARY KEY (`id`),
  KEY `user_id` (`user_id`),
  CONSTRAINT `address_ibfk_1` FOREIGN KEY (`user_id`) REFERENCES `user` (`id`)
) ENGINE=InnoDB AUTO_INCREMENT=12 DEFAULT CHARSET=utf8mb3;
/*!40101 SET character_set_client = @saved_cs_client */;

--
-- Dumping data for table `address`
--

LOCK TABLES `address` WRITE;
/*!40000 ALTER TABLE `address` DISABLE KEYS */;
INSERT INTO `address` VALUES (5,7,'Thừa Thiên Huế'),(6,7,'Đà Nẵng'),(7,12,'Bình Thuận'),(8,12,'Quảng Nam'),(9,12,'Nam Đông'),(10,12,'Nam Đông'),(11,12,'Nam Đông');
/*!40000 ALTER TABLE `address` ENABLE KEYS */;
UNLOCK TABLES;

--
-- Table structure for table `brand`
--

DROP TABLE IF EXISTS `brand`;
/*!40101 SET @saved_cs_client     = @@character_set_client */;
/*!50503 SET character_set_client = utf8mb4 */;
CREATE TABLE `brand` (
  `id` int NOT NULL AUTO_INCREMENT,
  `brandName` varchar(50) DEFAULT NULL,
  PRIMARY KEY (`id`)
) ENGINE=InnoDB AUTO_INCREMENT=50 DEFAULT CHARSET=utf8mb3;
/*!40101 SET character_set_client = @saved_cs_client */;

--
-- Dumping data for table `brand`
--

LOCK TABLES `brand` WRITE;
/*!40000 ALTER TABLE `brand` DISABLE KEYS */;
INSERT INTO `brand` VALUES (3,'Apple'),(4,'Asus'),(5,'Acer'),(6,'Lenovo'),(7,'HP'),(8,'Dell'),(9,'MSI'),(10,'Microsoft'),(11,'LG'),(12,'Xiaomi'),(13,'Huawei'),(14,'Samsung'),(15,'Oppo'),(16,'Vivo'),(17,'NOKIA'),(18,'Logitech'),(19,'Corsair'),(20,'HyperX'),(21,'Razer'),(22,'Zowie'),(23,'SteelSeries'),(24,'Vortex'),(25,'Gigabyte'),(26,'AOC'),(27,'ViewSonic'),(28,'Philips'),(29,'JBL'),(30,'Sony'),(31,'Marshall'),(32,'Anker'),(33,'Aukey'),(34,'TP Link'),(35,'Intel'),(36,'Mercusys'),(37,'Hydrus'),(38,'DareU'),(39,'Transcend'),(40,'realme'),(41,'BPhone'),(42,'ZTE'),(43,'TeamGroup'),(44,'PNY'),(45,'G.Skill'),(46,'DeepCool'),(47,'Cooler Master'),(48,'Kingston'),(49,'AKG');
/*!40000 ALTER TABLE `brand` ENABLE KEYS */;
UNLOCK TABLES;

--
-- Table structure for table `category`
--

DROP TABLE IF EXISTS `category`;
/*!40101 SET @saved_cs_client     = @@character_set_client */;
/*!50503 SET character_set_client = utf8mb4 */;
CREATE TABLE `category` (
  `id` int NOT NULL AUTO_INCREMENT,
  `cateName` varchar(50) DEFAULT NULL,
  `collection_id` int DEFAULT NULL,
  PRIMARY KEY (`id`),
  KEY `collection_id` (`collection_id`)
) ENGINE=InnoDB AUTO_INCREMENT=62 DEFAULT CHARSET=utf8mb3;
/*!40101 SET character_set_client = @saved_cs_client */;

--
-- Dumping data for table `category`
--

LOCK TABLES `category` WRITE;
/*!40000 ALTER TABLE `category` DISABLE KEYS */;
INSERT INTO `category` VALUES (1,'Học Tập - Văn Phòng',2),(2,'Gaming',2),(3,'Đồ họa- Kĩ Thuật',2),(4,'Macbook',2),(22,'PC doanh nghiệp',3),(23,'PC Gaming - Đồ họa',3),(38,'Card Màn Hình',4),(39,'CPU',4),(40,'RAM',4),(41,'Tản Nhiệt',4),(42,'Thiết bị lưu trữ',4),(43,'PSU',4),(44,'Case',4),(45,'iPhone',5),(46,'Phổ thông',5),(47,'Tầm trung',5),(48,'Cao cấp',5),(49,'Gaming',5),(50,'Gaming',6),(51,'Học tập - Văn phòng',6),(52,'Đồ họa - Sáng tạo',6),(53,'Giải trí',6),(54,'Thiết bị âm thanh',7),(55,'Chuột ',7),(56,'Bàn Phím',7),(57,'Màn hình',7),(58,'Sạc - cáp',7),(59,'Thiết bị mạng',7),(60,'Sạc dự phòng',7),(61,'USB',7);
/*!40000 ALTER TABLE `category` ENABLE KEYS */;
UNLOCK TABLES;

--
-- Table structure for table `collection`
--

DROP TABLE IF EXISTS `collection`;
/*!40101 SET @saved_cs_client     = @@character_set_client */;
/*!50503 SET character_set_client = utf8mb4 */;
CREATE TABLE `collection` (
  `id` int NOT NULL AUTO_INCREMENT,
  `name` varchar(50) DEFAULT NULL,
  PRIMARY KEY (`id`)
) ENGINE=InnoDB AUTO_INCREMENT=8 DEFAULT CHARSET=utf8mb3;
/*!40101 SET character_set_client = @saved_cs_client */;

--
-- Dumping data for table `collection`
--

LOCK TABLES `collection` WRITE;
/*!40000 ALTER TABLE `collection` DISABLE KEYS */;
INSERT INTO `collection` VALUES (2,'Laptop'),(3,'PC'),(4,'Linh kiện PC'),(5,'Điện thoại thông minh'),(6,'Máy tính bảng'),(7,'Phụ kiện');
/*!40000 ALTER TABLE `collection` ENABLE KEYS */;
UNLOCK TABLES;

--
-- Table structure for table `comment`
--

DROP TABLE IF EXISTS `comment`;
/*!40101 SET @saved_cs_client     = @@character_set_client */;
/*!50503 SET character_set_client = utf8mb4 */;
CREATE TABLE `comment` (
  `id` int NOT NULL AUTO_INCREMENT,
  `rating` float DEFAULT NULL,
  `comment` varchar(300) DEFAULT NULL,
  `image` varchar(300) DEFAULT NULL,
  `date` datetime DEFAULT NULL,
  `rating_user_id` int DEFAULT NULL,
  `rating_product_id` int DEFAULT NULL,
  `rating_order_id` varchar(20) DEFAULT NULL,
  PRIMARY KEY (`id`),
  KEY `rating_user_id` (`rating_user_id`),
  KEY `rating_product_id` (`rating_product_id`),
  CONSTRAINT `comment_ibfk_1` FOREIGN KEY (`rating_user_id`) REFERENCES `user` (`id`),
  CONSTRAINT `comment_ibfk_2` FOREIGN KEY (`rating_product_id`) REFERENCES `product` (`id`)
) ENGINE=InnoDB AUTO_INCREMENT=18 DEFAULT CHARSET=utf8mb3;
/*!40101 SET character_set_client = @saved_cs_client */;

--
-- Dumping data for table `comment`
--

LOCK TABLES `comment` WRITE;
/*!40000 ALTER TABLE `comment` DISABLE KEYS */;
INSERT INTO `comment` VALUES (1,5,' Dùng tạm được',NULL,'2022-06-28 23:00:11',90,493,'uCqrT4Ot0K'),(2,4,'Dùng ổn',NULL,'2022-06-28 23:00:11',90,493,'uCqrT4Ot0K'),(5,5,'good','','2022-07-01 09:54:32',90,501,'bn9S3qqcSE'),(13,4,'hơi tệ so với giá bỏ ra','','2022-07-02 15:07:04',90,516,'bn9S3qqcSE'),(14,4,'hơi tệ so với giá bỏ ra','','2022-07-02 15:07:20',90,516,'bn9S3qqcSE'),(15,4,'hơi tệ so với giá bỏ ra','','2022-07-02 15:09:05',90,516,'bn9S3qqcSE'),(16,5,'very good','','2022-07-12 20:59:32',86,522,'lHKiLl0qyM'),(17,4,'màu xấu','','2022-07-12 20:59:54',86,493,'7c6xO4hJRR');
/*!40000 ALTER TABLE `comment` ENABLE KEYS */;
UNLOCK TABLES;

--
-- Table structure for table `coupon`
--

DROP TABLE IF EXISTS `coupon`;
/*!40101 SET @saved_cs_client     = @@character_set_client */;
/*!50503 SET character_set_client = utf8mb4 */;
CREATE TABLE `coupon` (
  `id` int NOT NULL AUTO_INCREMENT,
  `code` varchar(50) DEFAULT NULL,
  `event_id` int DEFAULT NULL,
  `discount_amount` float DEFAULT NULL,
  `remain` int DEFAULT '100',
  PRIMARY KEY (`id`),
  KEY `event_id` (`event_id`),
  CONSTRAINT `coupon_ibfk_1` FOREIGN KEY (`event_id`) REFERENCES `event` (`id`)
) ENGINE=InnoDB AUTO_INCREMENT=18 DEFAULT CHARSET=utf8mb3;
/*!40101 SET character_set_client = @saved_cs_client */;

--
-- Dumping data for table `coupon`
--

LOCK TABLES `coupon` WRITE;
/*!40000 ALTER TABLE `coupon` DISABLE KEYS */;
INSERT INTO `coupon` VALUES (15,'BACKTOSCHOOL',1,10,100),(16,'HIGH',1,90,100),(17,'vuive',3,30,100);
/*!40000 ALTER TABLE `coupon` ENABLE KEYS */;
UNLOCK TABLES;

--
-- Table structure for table `event`
--

DROP TABLE IF EXISTS `event`;
/*!40101 SET @saved_cs_client     = @@character_set_client */;
/*!50503 SET character_set_client = utf8mb4 */;
CREATE TABLE `event` (
  `id` int NOT NULL AUTO_INCREMENT,
  `name` varchar(100) DEFAULT NULL,
  `icon` varchar(300) DEFAULT NULL,
  PRIMARY KEY (`id`)
) ENGINE=InnoDB AUTO_INCREMENT=11 DEFAULT CHARSET=utf8mb3;
/*!40101 SET character_set_client = @saved_cs_client */;

--
-- Dumping data for table `event`
--

LOCK TABLES `event` WRITE;
/*!40000 ALTER TABLE `event` DISABLE KEYS */;
INSERT INTO `event` VALUES (1,'Chỉ giảm online','https://cdn.tgdd.vn/2022/05/campaign/ChigiamOnlineDesk-50x54.png'),(2,'Deal từ 99k','https://cdn.tgdd.vn/2022/06/campaign/Icon-Desk-51x50-2.png'),(3,'Xả hàng','https://cdn.tgdd.vn/2022/05/campaign/icon-50x50-50x50-4.gif'),(4,'Độc quyền','https://cdn.tgdd.vn//content/dien-thoai-doc-quyen-120x120-2.png');
/*!40000 ALTER TABLE `event` ENABLE KEYS */;
UNLOCK TABLES;

--
-- Table structure for table `event_product`
--

DROP TABLE IF EXISTS `event_product`;
/*!40101 SET @saved_cs_client     = @@character_set_client */;
/*!50503 SET character_set_client = utf8mb4 */;
CREATE TABLE `event_product` (
  `id` int NOT NULL AUTO_INCREMENT,
  `event_id` int DEFAULT NULL,
  `product_id` int DEFAULT NULL,
  PRIMARY KEY (`id`),
  KEY `event_id` (`event_id`),
  KEY `product_id` (`product_id`),
  CONSTRAINT `event_product_ibfk_1` FOREIGN KEY (`event_id`) REFERENCES `event` (`id`),
  CONSTRAINT `event_product_ibfk_2` FOREIGN KEY (`product_id`) REFERENCES `product` (`id`)
) ENGINE=InnoDB AUTO_INCREMENT=259 DEFAULT CHARSET=utf8mb3;
/*!40101 SET character_set_client = @saved_cs_client */;

--
-- Dumping data for table `event_product`
--

LOCK TABLES `event_product` WRITE;
/*!40000 ALTER TABLE `event_product` DISABLE KEYS */;
INSERT INTO `event_product` VALUES (204,1,498),(206,1,500),(207,4,496),(208,3,501),(209,2,501),(210,1,502),(213,3,517),(214,3,516),(215,3,518),(216,3,515),(219,3,511),(220,3,500),(233,1,485),(234,1,491),(235,1,487),(236,1,488),(237,1,492),(238,1,482),(239,1,484),(240,1,483),(241,2,480),(242,2,493),(243,2,488),(244,2,496),(245,2,513),(246,2,506),(247,2,487),(248,2,478),(249,2,484),(250,2,477),(251,2,2),(252,2,479),(253,2,481),(254,2,482),(255,2,483),(256,2,485),(257,2,498),(258,2,497);
/*!40000 ALTER TABLE `event_product` ENABLE KEYS */;
UNLOCK TABLES;

--
-- Table structure for table `image`
--

DROP TABLE IF EXISTS `image`;
/*!40101 SET @saved_cs_client     = @@character_set_client */;
/*!50503 SET character_set_client = utf8mb4 */;
CREATE TABLE `image` (
  `id` int NOT NULL AUTO_INCREMENT,
  `image` varchar(300) DEFAULT NULL,
  `product_id` int DEFAULT NULL,
  PRIMARY KEY (`id`),
  KEY `product_id` (`product_id`),
  CONSTRAINT `image_ibfk_1` FOREIGN KEY (`product_id`) REFERENCES `product` (`id`)
) ENGINE=InnoDB AUTO_INCREMENT=2099 DEFAULT CHARSET=utf8mb3;
/*!40101 SET character_set_client = @saved_cs_client */;

--
-- Dumping data for table `image`
--

LOCK TABLES `image` WRITE;
/*!40000 ALTER TABLE `image` DISABLE KEYS */;
INSERT INTO `image` VALUES (1752,'https://product.hstatic.net/1000026716/product/gearvn-laptop-gaming-msi-katana-gf66-11uc-224vn-2_332cae8f2b154ce799951574af2d651b.png',2),(1753,'https://product.hstatic.net/1000026716/product/gearvn-laptop-gaming-msi-katana-gf66-11uc-224vn-3_4eabf02020f64019a79aa275d765ed55.png',2),(1755,'https://product.hstatic.net/1000026716/product/gearvn-laptop-gaming-msi-katana-gf66-11uc-224vn-4_ab8dcab152cd41d4b023233aff19c539.png',2),(1756,'https://product.hstatic.net/1000026716/product/gearvn-laptop-gaming-msi-katana-gf66-11uc-224vn-7_8b3041c21ea1487e8030c26abdb37570.png',2),(1757,'https://product.hstatic.net/1000026716/product/laptop-msi-modern-14-b11mou-1028vn-1_267679e1c3fe4f10aac882a72d6fab88.jpg',477),(1758,'https://product.hstatic.net/1000026716/product/laptop-msi-modern-14-b11mou-1028vn-2_664af602f3ab47e7b3a8bbee06c88c43.jpg',477),(1759,'https://product.hstatic.net/1000026716/product/laptop-msi-modern-14-b11mou-1028vn-3_6c778891b4224f1f813905d86c29afb4.jpg',477),(1760,'https://product.hstatic.net/1000026716/product/laptop-msi-modern-14-b11mou-1028vn-4_649dec0e353d4f0eb8caf6167946db66.jpg',477),(1761,'https://product.hstatic.net/1000026716/product/gearvn-laptop-asus-vivobook-pro-16x-oled-m7600qc-l2077w-2_8f7fa51fc83e4dddafd62d1c080c0c17.png',478),(1762,'https://product.hstatic.net/1000026716/product/gearvn-laptop-asus-vivobook-pro-16x-oled-m7600qc-l2077w-4_be893889edce417aa405e68739042e10.png',478),(1763,'https://product.hstatic.net/1000026716/product/gearvn-laptop-asus-vivobook-pro-16x-oled-m7600qc-l2077w-5_16ef006aefc44062baab16154b266b9d.png',478),(1764,'https://product.hstatic.net/1000026716/product/gearvn-laptop-asus-vivobook-pro-16x-oled-m7600qc-l2077w-7_c4e9f8935e694758a4b293b4b53df59d.png',478),(1765,'https://product.hstatic.net/1000026716/product/10049805-laptop-dell-vostro-14-5410-i5-11300h-14-inch-v4i5014w-2_2a5e48fa31fa4c0c998039db4b8784d9.jpg',479),(1766,'https://product.hstatic.net/1000026716/product/10049805-laptop-dell-vostro-14-5410-i5-11300h-14-inch-v4i5014w-3_f087d8e8e45d4e8b958545a1202f24fb.jpg',479),(1767,'https://product.hstatic.net/1000026716/product/10049805-laptop-dell-vostro-14-5410-i5-11300h-14-inch-v4i5014w-4_16880656ffbc457eae681cd5db2bae60.jpg',479),(1768,'https://product.hstatic.net/1000026716/product/10049805-laptop-dell-vostro-14-5410-i5-11300h-14-inch-v4i5014w-6_0f1612c0f3774ff286f59b079e3bf201.jpg',479),(1769,'https://product.hstatic.net/1000026716/product/2_8ff07e2012ec494c9daf8b63b9343517.png',480),(1770,'https://product.hstatic.net/1000026716/product/1_dc6b689bba10432eb786293678635d7e.png',480),(1771,'https://product.hstatic.net/1000026716/product/img4_1521b67800e640979f718892a85dcf8e.png',480),(1772,'https://product.hstatic.net/1000026716/product/img6_bc754b938986460698e98ff58456e826.png',480),(1773,'https://product.hstatic.net/1000026716/product/2_fac324e3749d429abe57e25addf597f1.png',481),(1774,'https://product.hstatic.net/1000026716/product/3_9f25c9169be24210aac7695db3062a33.png',481),(1775,'https://product.hstatic.net/1000026716/product/5_15a1bd60ac1f4abab2c6e9ba75441b0c.png',481),(1776,'https://product.hstatic.net/1000026716/product/6_cbe8deb8a77847d0ac5cec758f1e9007.png',481),(1777,'https://product.hstatic.net/1000026716/product/pad-gaming-3-15ach6-82k2008wvn_a40cc1ad02b343368665b2260b9aaf77_master_641243b6fc01461188b2ba52e8c72e9f.png',482),(1778,'https://product.hstatic.net/1000026716/product/d-gaming-3-15ach6-82k2008wvn-1_971a2410ae9e4cd49450f274718aeabd_master_d28af5a9d68e4bb297af1d7b1574c0aa.png',482),(1779,'https://product.hstatic.net/1000026716/product/d-gaming-3-15ach6-82k2008wvn-2_d2657be8d0e448ab9741f301cdaadfe8_master_15ce491798114307a0c2b91921bf4291.png',482),(1780,'https://product.hstatic.net/1000026716/product/ideapad_gaming_3_15ach6_ct2_04_31762be75bfa485c800e09c7bfd0019b.png',482),(1788,'https://cdn.tgdd.vn/Products/Images/44/274783/msi-creator-z16-a12uet-i7-036vn-1.jpg',484),(1790,'https://cdn.tgdd.vn/Products/Images/44/274783/msi-creator-z16-a12uet-i7-036vn-7.jpg',484),(1791,'https://cdn.tgdd.vn/Products/Images/44/274783/msi-creator-z16-a12uet-i7-036vn-10.jpg',484),(1792,'https://cdn.tgdd.vn/Products/Images/44/274783/msi-creator-z16-a12uet-i7-036vn-8.jpg',484),(1793,'https://cdn.tgdd.vn/Products/Images/44/271090/dell-gaming-alienware-m15-r6-i7-70272633-2.jpg',483),(1794,'https://cdn.tgdd.vn/Products/Images/44/271090/dell-gaming-alienware-m15-r6-i7-70272633-3.jpg',483),(1795,'https://cdn.tgdd.vn/Products/Images/44/271090/dell-gaming-alienware-m15-r6-i7-70272633-4.jpg',483),(1796,'https://cdn.tgdd.vn/Products/Images/44/271090/dell-gaming-alienware-m15-r6-i7-70272633-5.jpg',483),(1797,'https://cdn.tgdd.vn/Products/Images/44/264438/hp-zbook-firefly-14-g8-i5-275v5av-1-2.jpg',485),(1798,'https://cdn.tgdd.vn/Products/Images/44/264438/hp-zbook-firefly-14-g8-i5-275v5av-3-2.jpg',485),(1799,'https://cdn.tgdd.vn/Products/Images/44/264438/hp-zbook-firefly-14-g8-i5-275v5av-5-3.jpg',485),(1800,'https://cdn.tgdd.vn/Products/Images/44/264438/hp-zbook-firefly-14-g8-i5-275v5av-2-3.jpg',485),(1801,'https://cdn.tgdd.vn/Products/Images/44/239552/apple-macbook-air-m1-2020-z124000de-1-org.jpg',486),(1802,'https://cdn.tgdd.vn/Products/Images/44/239552/apple-macbook-air-m1-2020-z124000de-2-org.jpg',486),(1803,'https://cdn.tgdd.vn/Products/Images/44/239552/macbook-air-m1-2020-silver-04-org.jpg',486),(1804,'https://cdn.tgdd.vn/Products/Images/44/239552/macbook-air-m1-2020-gold-04-org.jpg',486),(1805,'https://cdn.tgdd.vn/Products/Images/44/263914/macbook-pro-14-m1-max-2021-10-core-cpu-xam-1.jpg',488),(1806,'https://cdn.tgdd.vn/Products/Images/44/263914/macbook-pro-14-m1-max-2021-10-core-cpu-xam-2.jpg',488),(1807,'https://cdn.tgdd.vn/Products/Images/44/263914/macbook-pro-14-m1-max-2021-10-core-cpu-xam-3.jpg',488),(1808,'https://cdn.tgdd.vn/Products/Images/44/263914/macbook-pro-14-m1-max-2021-10-core-cpu-xam-4.jpg',488),(1809,'https://cdn.tgdd.vn/Products/Images/44/231255/space-1-org.jpg',487),(1810,'https://cdn.tgdd.vn/Products/Images/44/231255/space-2-org.jpg',487),(1811,'https://cdn.tgdd.vn/Products/Images/44/231255/macbook-pro-m1-2020-silver-03-org.jpg',487),(1812,'https://cdn.tgdd.vn/Products/Images/44/231255/macbook-pro-m1-2020-silver-04-org.jpg',487),(1817,'https://product.hstatic.net/1000026716/product/hw_r3_2303c49dc2b348e7ba9db10f79248e6b.jpg',491),(1818,'https://product.hstatic.net/1000026716/product/artboard_1_copy_f19b7687ce244d1fb37a68d351323dab.jpg',490),(1819,'https://product.hstatic.net/1000026716/product/-products-may-bo-intel-nuc-nuc7pjyh-4_c87a3b45b7d4487f8ca273490ba0047d_7ee021dc9e3e41c1aced7b40963e5ad0.jpg',490),(1820,'https://product.hstatic.net/1000026716/product/-products-may-bo-intel-nuc-nuc7pjyh-2_8e1e471883dd4dd8bb398841a614e11b_70d85b58d86f4869bf96d1e4cd3ce86c.jpg',490),(1821,'https://product.hstatic.net/1000026716/product/homework_pentium_1cddacd3a1fb42b3a2455b0d85f784fc.jpg',489),(1822,'https://product.hstatic.net/1000026716/product/gearvn-gvn-homework-pentium-2_dfe138c0921e4fc8a5769d2c3b81431b.jpg',489),(1823,'https://product.hstatic.net/1000026716/product/gearvn-gvn-homework-pentium-4_ceaa5f5c9bf44d618449dba0b8fc9eea.jpg',489),(1824,'https://product.hstatic.net/1000026716/product/gearvn-gvn-homework-pentium-5_c5eca9a197d649e29dae9ece0ee3001e.jpg',489),(1825,'https://cdn.hoanghamobile.com/i/productlist/dsp/Uploads/2022/03/09/image-removebg-preview-2.png',492),(1826,'https://cdn.hoanghamobile.com/i/productlist/dsp/Uploads/2021/09/15/image-removebg-preview-13.png',492),(1827,'https://cdn.hoanghamobile.com/i/productlist/dsp/Uploads/2021/09/15/image-removebg-preview-10.png',492),(1828,'https://cdn.hoanghamobile.com/i/productlist/dsp/Uploads/2021/09/15/image-removebg-preview-12.png',492),(1829,'https://cdn.hoanghamobile.com/i/productlist/dsp/Uploads/2021/09/15/image-removebg-preview-16.png',493),(1830,'https://cdn.hoanghamobile.com/i/productlist/dsp/Uploads/2021/09/15/image-removebg-preview-15.png',493),(1831,'https://cdn.hoanghamobile.com/i/productlist/dsp/Uploads/2022/03/09/image-removebg-preview-3.png',493),(1832,'https://cdn.hoanghamobile.com/i/productlist/dsp/Uploads/2021/09/15/image-removebg-preview-18.png',493),(1833,'https://cdn.hoanghamobile.com/i/productlist/dsp/Uploads/2020/11/06/apple-iphone-12-mini-5.png',494),(1834,'https://cdn.hoanghamobile.com/i/productlist/dsp/Uploads/2020/11/06/apple-iphone-12-mini-3.png',494),(1835,'https://cdn.hoanghamobile.com/i/productlist/dsp/Uploads/2021/04/22/image-removebg-preview_637547045799326930.png',494),(1836,'https://cdn.hoanghamobile.com/i/productlist/dsp/Uploads/2020/11/06/apple-iphone-12-mini-4.png',494),(1837,'https://cdn.hoanghamobile.com/i/productlist/dsp/Uploads/2022/02/28/7z.png',495),(1838,'https://cdn.hoanghamobile.com/i/productlist/dsp/Uploads/2022/02/23/reno7-z-2.png',495),(1839,'https://cdn.hoanghamobile.com/i/productlist/dsp/Uploads/2022/02/23/reno7-z-5.png',495),(1840,'https://cdn.hoanghamobile.com/i/productlist/dsp/Uploads/2022/02/23/reno7-z-10.png',495),(1841,'https://cdn.hoanghamobile.com/i/productlist/dsp/Uploads/2022/01/04/image-removebg-preview-12.png',496),(1842,'https://cdn.hoanghamobile.com/i/productlist/dsp/Uploads/2022/01/07/ee.png',496),(1843,'https://cdn.hoanghamobile.com/i/productlist/dsp/Uploads/2022/01/07/ed.png',496),(1844,'https://cdn.hoanghamobile.com/i/productlist/dsp/Uploads/2022/04/10/image-removebg-preview-2.png',497),(1845,'https://cdn.hoanghamobile.com/i/productlist/dsp/Uploads/2022/04/10/image-removebg-preview-4.png',497),(1846,'https://cdn.hoanghamobile.com/i/productlist/dsp/Uploads/2022/04/10/image-removebg-preview.png',497),(1847,'https://cdn.hoanghamobile.com/i/productlist/dsp/Uploads/2022/04/10/image-removebg-preview-3.png',497),(1848,'https://cdn.hoanghamobile.com/i/productlist/dsp/Uploads/2021/11/09/image-removebg-preview-10.png',498),(1849,'https://cdn.hoanghamobile.com/i/productlist/dsp/Uploads/2021/11/09/image-removebg-preview-9.png',498),(1850,'https://cdn.hoanghamobile.com/i/productlist/dsp/Uploads/2020/10/27/image-removebg-preview%20(32).png',499),(1851,'https://cdn.hoanghamobile.com/i/productlist/dsp/Uploads/2020/10/27/image-removebg-preview%20(33).png',499),(1852,'https://cdn.hoanghamobile.com/i/productlist/dsp/Uploads/2021/10/01/image-removebg-preview-1.png',500),(1853,'https://cdn.hoanghamobile.com/i/productlist/dsp/Uploads/2021/10/01/image-removebg-preview-2.png',500),(1854,'https://cdn.hoanghamobile.com/i/productlist/dsp/Uploads/2021/10/01/image-removebg-preview.png',500),(1855,'https://cdn.tgdd.vn/Products/Images/58/249407/cap-lightning-1m-hydrus-cs-c-021-nv-2.jpg',501),(1856,'https://cdn.tgdd.vn/Products/Images/86/279454/chuot-khong-day-gaming-asus-tuf-m4-wl-1.jpg',502),(1857,'https://cdn.tgdd.vn/Products/Images/86/279454/chuot-khong-day-gaming-asus-tuf-m4-wl-2.jpg',502),(1858,'https://cdn.tgdd.vn/Products/Images/522/241299/huawei-matepad-11-xam-1.jpg',503),(1859,'https://cdn.tgdd.vn/Products/Images/522/241299/huawei-matepad-11-xam-2.jpg',503),(1860,'https://cdn.tgdd.vn/Products/Images/522/241299/huawei-matepad-11-xam-3.jpg',503),(1861,'https://cdn.tgdd.vn/Products/Images/522/241299/huawei-matepad-11-xam-4.jpg',503),(1862,'https://cdn.tgdd.vn/Products/Images/522/228808/ipad-air-4-silver-1020x680-org.jpg',504),(1863,'https://cdn.tgdd.vn/Products/Images/522/228808/ipad-air-4-wifi-bac-2.jpg',504),(1864,'https://cdn.tgdd.vn/Products/Images/522/228808/ipad-air-4-wifi-bac-3.jpg',504),(1865,'https://cdn.tgdd.vn/Products/Images/522/228808/ipad-air-4-wifi-bac-4.jpg',504),(1866,'https://cdn.tgdd.vn/Products/Images/522/256559/Samsung-Galaxy-Tab-S7-FE-Wifi-green-1-660x600.jpg',505),(1867,'https://cdn.tgdd.vn/Products/Images/522/256559/Samsung-Galaxy-Tab-S7-FE-WiFi-1-2-660x600.jpg',505),(1868,'https://cdn.tgdd.vn/Products/Images/522/256559/Kit/samsung-galaxy-tab-s7-fe-wifi-n.jpg',505),(1869,'https://cdn.tgdd.vn/Products/Images/522/256559/samsung-galaxy-tab-s7-fe-wifi6.jpg',505),(1870,'https://cdn.tgdd.vn/Products/Images/522/274155/ipad-air-5-m1-wifi-cellular-xanh-duong-1.jpg',506),(1871,'https://cdn.tgdd.vn/Products/Images/522/274155/ipad-air-5-m1-wifi-cellular-xanh-duong-2.jpg',506),(1872,'https://cdn.tgdd.vn/Products/Images/522/274155/ipad-air-5-m1-wifi-cellular-xanh-duong-3.jpg',506),(1873,'https://cdn.tgdd.vn/Products/Images/522/274155/ipad-air-5-m1-wifi-cellular-tim-2.jpg',506),(1874,'https://cdn.tgdd.vn/Products/Images/522/247513/samsung-galaxy-tab-s8-ultra-1-600x600.jpg',507),(1875,'https://th.bing.com/th/id/R.c8d5843578647cef6245cf4c340de139?rik=ybZR2%2fmmQodSMw&pid=ImgRaw&r=0',507),(1876,'https://cdn.tgdd.vn/Products/Images/522/247512/samsung-galaxy-tab-s8-plus-1-3.jpg',508),(1877,'https://cdn.tgdd.vn/Products/Images/522/247512/samsung-galaxy-tab-s8-plus-2-2.jpg',508),(1878,'https://cdn.tgdd.vn/Products/Images/522/247512/samsung-galaxy-tab-s8-plus-3-2.jpg',508),(1879,'https://cdn.tgdd.vn/Products/Images/522/247512/samsung-galaxy-tab-s8-plus-4-2.jpg',508),(1880,'https://cdn.tgdd.vn/Products/Images/4727/235818/router-wifi-mesh-3-pack-ac1200-tp-link-deco-m4-2-2-org.jpg',509),(1882,'https://cdn.tgdd.vn/Products/Images/4727/232216/router-chuan-wifi-6-bang-tan-kep-asus-ax55-den-1-org.jpg',510),(1883,'https://cdn.tgdd.vn/Products/Images/4727/232216/router-chuan-wifi-6-bang-tan-kep-asus-ax55-den-2-org.jpg',510),(1884,'https://cdn.tgdd.vn/Products/Images/4727/232216/router-chuan-wifi-6-bang-tan-kep-asus-ax55-den-3-org.jpg',510),(1885,'https://cdn.tgdd.vn/Products/Images/4727/232216/router-chuan-wifi-6-bang-tan-kep-asus-ax55-den-4-org.jpg',510),(1886,'https://cdn.tgdd.vn/Products/Images/4727/273870/bo-mo-rong-song-wifi-ac1200-tp-link-ac1200-trang-2-1.jpg',511),(1887,'https://cdn.tgdd.vn/Products/Images/4727/273870/bo-mo-rong-song-wifi-ac1200-tp-link-ac1200-trang-3-1.jpg',511),(1888,'https://cdn.tgdd.vn/Products/Images/4727/273870/bo-mo-rong-song-wifi-ac1200-tp-link-ac1200-trang-5.jpg',511),(1889,'https://cdn.tgdd.vn/Products/Images/4727/273870/bo-mo-rong-song-wifi-ac1200-tp-link-ac1200-trang-7.jpg',511),(1891,'https://product.hstatic.net/1000026716/product/1_480842bc765941c995b927847722c0b2.jpg',513),(1892,'https://product.hstatic.net/1000026716/product/pc_viper_i1660s_pink_-__11def1ddac6d449b92ce21a54b0b34f0.jpg',514),(1893,'https://product.hstatic.net/1000026716/product/pc_viper_i1660s_pink_-__1_8b4b923a49354a11a956c559c017ec0e.jpg',514),(1894,'https://product.hstatic.net/1000026716/product/pc_viper_i1660s_pink_-__3_7ee31e1fe1b84253862120389cc9e22e.jpg',514),(1895,'https://product.hstatic.net/1000026716/product/pc_viper_i1660s_pink_-__5_54e892acd6a44d5c9968795b4b69cdb8.jpg',514),(1896,'https://cdn.tgdd.vn/Products/Images/57/245246/pin-polymer-10000-mah-hydrus-pa-ck01-vang-1-org.jpg',515),(1897,'https://cdn.tgdd.vn/Products/Images/57/245246/pin-polymer-10000-mah-hydrus-pa-ck01-xam-1-org.jpg',515),(1898,'https://cdn.tgdd.vn/Products/Images/86/275534/chuot-co-day-dareu-em908-hong-2.jpeg',516),(1899,'https://cdn.tgdd.vn/Products/Images/86/275534/chuot-co-day-dareu-em908-hong-3.jpeg',516),(1900,'https://cdn.tgdd.vn/Products/Images/86/275534/chuot-co-day-dareu-em908-hong-6.jpeg',516),(1901,'https://cdn.tgdd.vn/Products/Images/86/275534/chuot-co-day-dareu-em908-hong-8.jpeg',516),(1902,'https://cdn.tgdd.vn/Products/Images/75/197455/usb-31-32gb-transcend-jetflash-760-den-tim-1-org.jpg',517),(1903,'https://cdn.tgdd.vn/Products/Images/75/197455/usb-31-32gb-transcend-jetflash-760-den-tim-4-org.jpg',517),(1904,'https://cdn.tgdd.vn/Products/Images/9499/230266/adapter-type-c-pd-20w-anker-powerport-nano-a2633-trang-1-org.jpg',518),(1905,'https://cdn.tgdd.vn/Products/Images/9499/230266/adapter-type-c-pd-20w-anker-powerport-nano-a2633-trang-2-org.jpg',518),(1906,'https://cdn.hoanghamobile.com/i/productlist/dsp/Uploads/2021/05/04/10s.jpg',519),(1907,'https://cdn.hoanghamobile.com/i/productlist/dsp/Uploads/2021/05/04/10s-3.jpg',519),(1908,'https://cdn.hoanghamobile.com/i/productlist/dsp/Uploads/2021/05/04/10s-2.jpg',519),(1909,'https://cdn.hoanghamobile.com/i/productlist/dsp/Uploads/2021/09/14/image-removebg-preview-9.png',519),(1910,'https://cdn.hoanghamobile.com/i/productlist/dsp/Uploads/2021/06/15/image-removebg-preview-11.png',520),(1911,'https://cdn.hoanghamobile.com/i/productlist/dsp/Uploads/2021/06/15/image-removebg-preview-10.png',520),(1912,'https://cdn.hoanghamobile.com/i/productlist/dsp/Uploads/2021/12/14/bphone-b40-1.png',522),(1913,'https://cdn.hoanghamobile.com/i/productlist/dsp/Uploads/2021/12/14/bphone-b40-11.png',522),(1914,'https://cdn.hoanghamobile.com/i/productlist/dsp/Uploads/2021/12/14/bphone-b40-10.png',522),(1915,'https://cdn.tgdd.vn/Products/Images/42/235838/samsung-galaxy-s22-ultra-xanh-reu-1-1.jpg',523),(1916,'https://cdn.tgdd.vn/Products/Images/42/235838/galaxy-s22-ultra-black-1.jpg',523),(1917,'https://cdn.tgdd.vn/Products/Images/42/235838/galaxy-s22-ultra-white-1.jpg',523),(1918,'https://cdn.tgdd.vn/Products/Images/42/235838/galaxy-s22-ultra-white-4.jpg',523),(1919,'https://cdn.tgdd.vn/Products/Images/42/248284/Slider/samsung-galaxy-z-fold3-5g-512gb-060921-0207383.jpg',524),(1920,'https://cdn.tgdd.vn/Products/Images/42/248284/samsung-galaxy-z-fold3-5g-xanh-reu-1.jpg',524),(1921,'https://cdn.tgdd.vn/Products/Images/42/248284/samsung-galaxy-z-fold-3-den-1.jpg',524),(1922,'https://cdn.tgdd.vn/Products/Images/42/248284/samsung-galaxy-z-fold3-5g-512gb-1-1.jpg',524),(1923,'https://cdn.tgdd.vn/Products/Images/42/250622/oppo-find-x5-pro-1-1.jpg',525),(1924,'https://cdn.tgdd.vn/Products/Images/42/250622/oppo-find-x5-pro-trang-1.jpg',525),(1925,'https://cdn.tgdd.vn/Products/Images/42/250622/Slider/oppo-find-x5-pro637872833398214922.jpg',525),(1926,'https://cdn.tgdd.vn/Products/Images/42/250622/Slider/oppo-find-x5-pro637872833400144873.jpg',525),(1927,'https://cdn.tgdd.vn/Products/Images/42/255635/xiaomi-12-pro-1-1.jpg',526),(1928,'https://cdn.tgdd.vn/Products/Images/42/255635/xiaomi-12-pro-1-4.jpg',526),(1929,'https://cdn.tgdd.vn/Products/Images/42/255635/xiaomi-12-pro-1-5.jpg',526),(1930,'https://cdn.tgdd.vn/Products/Images/42/255635/Slider/Xiaomi-12-pro-1-1020x570.jpg',526),(1931,'https://cdn.tgdd.vn/Products/Images/42/260149/Slider/2.-Thiet-ke-1020x570-1.jpg',527),(1932,'https://cdn.tgdd.vn/Products/Images/42/260149/vivo-x80-pro-glr-den-1.jpg',527),(1933,'https://cdn.tgdd.vn/Products/Images/42/260149/Slider/vivo-x80-pro637895311942868795.jpg',527),(1934,'https://cdn.tgdd.vn/Products/Images/42/260149/Slider/4.-Vi-xu-li-1020x570-1.jpg',527),(1935,'https://cdn.tgdd.vn/Products/Images/42/271696/samsung-galaxy-s22-plus-xanh-1.jpg',528),(1936,'https://cdn.tgdd.vn/Products/Images/42/271696/samsung-galaxy-s22-plus-trang-1-1.jpg',528),(1937,'https://cdn.tgdd.vn/Products/Images/42/271696/samsung-galaxy-s22-plus-den-1-1.jpg',528),(1938,'https://cdn.tgdd.vn/Products/Images/42/271696/samsung-galaxy-s22-plus-256gb-1.jpg',528),(1939,'https://www.viettablet.com/images/thumbnails/480/516/detailed/48/asus-rog-phone-5-chinh-hang-cau-hinh-gia-ban-1_jdsu-r7.jpg',529),(1940,'https://www.viettablet.com/images/detailed/48/asus-rog-phone-5-hinh-anh-1_9r7n-09.jpg',529),(1941,'https://www.viettablet.com/images/detailed/48/asus-rog-phone-5-hinh-anh-2_np7a-uq.jpg',529),(1942,'https://www.viettablet.com/images/detailed/48/asus-rog-phone-5-hinh-anh-11_x1pm-pk.jpg',529),(1943,'https://www.viettablet.com/images/thumbnails/480/516/detailed/36/zte-nubia-red-magic_3s-128-512gb-xach-tay_zt41-os.jpg',530),(1944,'https://techshark.vn/wp-content/uploads/2022/05/1-1.png',531),(1945,'https://techshark.vn/wp-content/uploads/2022/05/2-1.png',531),(1946,'https://techshark.vn/wp-content/uploads/2022/05/5-1.png',531),(1947,'https://product.hstatic.net/1000026716/product/1024_398ca947c100419a9b00c5150c6f7149.png',532),(1948,'https://product.hstatic.net/1000026716/product/1024__4__2fd65d68eca342dd9b24cc1040f86fa7.png',532),(1949,'https://product.hstatic.net/1000026716/product/1024__3__1d8e7a6410d741919d7f17f1dc7b61e7.png',532),(1950,'https://product.hstatic.net/1000026716/product/1024__2__472258f15e9e4ca38a27373f597c50a9.png',532),(1951,'https://product.hstatic.net/1000026716/product/gearvn-vga-asus-rog-strix-rtx-3070-o8g-gaming-666_373bb621483140df8ecb300a58004062.jpg',533),(1952,'https://product.hstatic.net/1000026716/product/gearvn-vga-asus-rog-strix-rtx-3070-o8g-gaming-2_010f3c32ecf84c0c98f28b686eaa3088.jpg',533),(1953,'https://product.hstatic.net/1000026716/product/gearvn-vga-asus-rog-strix-rtx-3070-o8g-gaming-9_c73f872f02814eb4acff4493c4ad8f29.jpg',533),(1954,'https://product.hstatic.net/1000026716/product/gearvn-vga-asus-rog-strix-rtx-3070-o8g-gaming-10_58cb42e8ddfd47c783eacbba98a1008f.jpg',533),(1955,'https://product.hstatic.net/1000026716/product/gearvn-vga-gigabyte-aorus-geforce-rtx-3070-master-8g-66_fee49014ce524927b71cc6f7a8d293f3.png',534),(1956,'https://product.hstatic.net/1000026716/product/img2_d9b9f1f0fea84da1803b3031f14a0cdc.png',534),(1957,'https://product.hstatic.net/1000026716/product/img6_af4c7e8637324e21a8c721f346703c13.png',534),(1958,'https://product.hstatic.net/1000026716/product/img7_a68b6cd58e3242afbbf6e121bf711a90.png',534),(1959,'https://product.hstatic.net/1000026716/product/01_a14aee929003425997235b97cace9a29.png',535),(1960,'https://product.hstatic.net/1000026716/product/03_2c70ab8d8eb54af0afcf7e3997316e5e.png',535),(1961,'https://product.hstatic.net/1000026716/product/05_76eeff31916e4f6cbfcaf433159d9f8f.png',535),(1962,'https://product.hstatic.net/1000026716/product/06_20f16ef53cd04dba983be6366f35c8f4.png',535),(1963,'https://product.hstatic.net/1000026716/product/gearvn_80facda582e344308a68adb2634d9865.jpg',536),(1964,'https://product.hstatic.net/1000026716/product/gearvn1_293eda86acdf452b95142f9f6516a5e4.jpg',536),(1965,'https://product.hstatic.net/1000026716/product/gearvn5_8d8030e295284d729939c73691f99dc2.jpg',536),(1966,'https://product.hstatic.net/1000026716/product/gearvn3_d15834011dd4463aa885d510914c0a1f.jpg',536),(1967,'https://product.hstatic.net/1000026716/product/thumbvga-recovered_5079545205a446b7ade3ab3d70a43800.jpg',537),(1968,'https://product.hstatic.net/1000026716/product/3_ebcb9f8ff7df4743bf2d1bc79c788684.png',537),(1969,'https://product.hstatic.net/1000026716/product/5_ad9bfe449f7440ffa03e9e256cd49f5d.png',537),(1970,'https://product.hstatic.net/1000026716/product/4_dba13f50f43948d1a736f6a73f206471.png',537),(1971,'https://product.hstatic.net/1000026716/product/minion_i1650_7375642234a14f7799ea0ce05f46d0b6.jpg',512),(1972,'https://product.hstatic.net/1000026716/product/box_t4_i5f_unlocked_12th_h93496_ang01_right_v01_1280x1280_4b285dc1f6694beba4a822fc6490bbc5.png',538),(1973,'https://product.hstatic.net/1000026716/product/box_t4_i7f_12th_m35582_ang01_right_v01_1280x1280_42e74c35e1a44369a23b47f9cfebbcdf.png',539),(1974,'https://product.hstatic.net/1000026716/product/box_t4_i7_unlocked_12th_h93496_ang01_right_v01_1280x1280_6bc0292b6f8d4d2d9d60a08e31a13814.png',540),(1975,'https://product.hstatic.net/1000026716/product/box_t4_i9_12th_m355581_ang01_right_v01_1280x1280_9d31db32c67547d4a553e417df658257.png',541),(1976,'https://product.hstatic.net/1000026716/product/box_i9k_12th_t2_special_box_ang01_right_1280x1280_5a155390e428405eb2b60e93dbe2b7e4.png',542),(1977,'https://product.hstatic.net/1000026716/product/preview_1_i9k_special_box_right_26064d1b0cdc48b1a81fef46b9804046.jpg',543),(1978,'https://product.hstatic.net/1000026716/product/68e91758f660b09202afa1d25c9ef748_de239228b8934ef7bbab782a6bb7771d_0ee010bf31a14b4e87e3c0f8a00f4555.jpg',544),(1980,'https://product.hstatic.net/1000026716/product/gearvn.com-products-8gb-ddr4-1x8g-3200-ram-pny-xlr8-gaming-2_5662113889344ec899eea8f31e622f33.jpg',547),(1981,'https://product.hstatic.net/1000026716/product/gearvn-ram-pny-xlr8-1x8gb-bus-3200-rgb-white-666_be03dabd576f43ed93120fcea2dcb601.jpg',546),(1982,'https://product.hstatic.net/1000026716/product/b009154f9963656b7a55f1a93b91f1b8_9a41f0b66e26430580accff8ad7706ea_811b8f21341a4872969f36c91953dbf3.jpg',545),(1984,'https://product.hstatic.net/1000026716/product/gvn_cs4_b6e4471aa19d4d6b92a093095899cab7.jpg',548),(1985,'https://product.hstatic.net/1000026716/product/gvn_cs4_b6e4471aa19d4d6b92a093095899cab7.jpg',549),(1986,'https://product.hstatic.net/1000026716/product/ram_03_1x1_94d85987287342779028fea38ee03d44.jpg',550),(1987,'https://product.hstatic.net/1000026716/product/01_5cf89b9de77e4b4b83fc502afc6ac573.jpg',551),(1988,'https://product.hstatic.net/1000026716/product/04_6b7c236345994e5681b0e9a3967e93cb.jpg',551),(1989,'https://product.hstatic.net/1000026716/product/05_8d54e073b0be4eec951e8adb9fd81946.jpg',551),(1990,'https://product.hstatic.net/1000026716/product/06_919097816c124f888f5222a708d4aca4.jpg',551),(1991,'https://product.hstatic.net/1000026716/product/gearvn-tan-nhiet-cooler-master-liquid-ml240l-v2-argb-666_e172bfdc6cc1494f8498899d94784f17.png',552),(1992,'https://product.hstatic.net/1000026716/product/gearvn-tan-nhiet-cooler-master-liquid-ml240l-v2-argb-1_565e29b1cd8345caa4f7d059a5aab9e7.png',552),(1993,'https://product.hstatic.net/1000026716/product/ml240l-v2-argb-white-gallery-0-image_e4a5f5a931624d66a610d608a7365c19.png',553),(1994,'https://product.hstatic.net/1000026716/product/ml240l-v2-argb-white-gallery-2-image_75a87e283bab4be6a5cf381c1b4e5da6.png',553),(1995,'https://product.hstatic.net/1000026716/product/kc3000-1_ad68975a6ec6405bb230f19dc2636afb.jpg',554),(1996,'https://product.hstatic.net/1000026716/product/kc3000-3_2796325b6d614537a502ef3b32ee4c73.jpg',554),(1997,'https://product.hstatic.net/1000026716/product/gearvn-ssd-samsung-980-pro-250gb-m-2-nvme-mz-v8p250bw-666_b213a29b2d8b41c89b026e69341ed21e.jpg',555),(1998,'https://product.hstatic.net/1000026716/product/gearvn-ssd-samsung-980-pro-500gb-m-2-nvme-mz-v8p500bw-2_6f66c1d598514d6fa11f07c8286ddad8.jpg',556),(1999,'https://product.hstatic.net/1000026716/product/ud1000gm-07_8ecf55ffb5574dcf85be63e77f617aa8.png',557),(2000,'https://product.hstatic.net/1000026716/product/ud1000gm-01_f72ac75e48ff4941bc733da92fd62187.png',557),(2001,'https://product.hstatic.net/1000026716/product/rog-strix-1000g-01_dcf61e2588ea42e6803359a2daddb796.jpg',558),(2002,'https://product.hstatic.net/1000026716/product/rog-strix-1000g-06_962e7ef8127445c696b08f362f970641.jpg',558),(2003,'https://product.hstatic.net/1000026716/product/rog-strix-1000g-11_eab5f6eaec914e3ca653d939b7512729.jpg',558),(2004,'https://product.hstatic.net/1000026716/product/05_53a92157dbdd4ee28156c58550b1e79a.png',559),(2005,'https://product.hstatic.net/1000026716/product/06_d2e9442a762245e6a7343e7d9ed67a36.png',559),(2006,'https://product.hstatic.net/1000026716/product/masterbox-nr400-gallery-2-zoom-11_ab0a6407ffdf4093b0d415cae19b2033.png',560),(2007,'https://product.hstatic.net/1000026716/product/masterbox-nr400-gallery-4-image_d99c9ae49b9542cc84e918070a827cb5.png',560),(2008,'https://product.hstatic.net/1000026716/product/masterbox-nr400-gallery-8-image_77f4f6c92d914ab7b6a28afc8da24446.png',560),(2009,'https://product.hstatic.net/1000026716/product/gearvn-case-deepcool-cg540-4f-tempered-glass-2_47dbd48d21284685a400d53442744ef5.jpg',561),(2010,'https://product.hstatic.net/1000026716/product/gearvn-case-deepcool-cg540-4f-tempered-glass-5_fc65725d22a140adb07d23bf13c7fad5.jpg',561),(2011,'https://product.hstatic.net/1000026716/product/gearvn-case-deepcool-cg540-4f-tempered-glass-7_e029ce3187db45089e860a8889996b42.jpg',561),(2012,'https://product.hstatic.net/1000026716/product/gearvn-case-corsair-275r-airflow-black-1_6cadbb361227486a90975df5ba55eba0.png',562),(2013,'https://product.hstatic.net/1000026716/product/gearvn-case-corsair-275r-airflow-black-15_1dac3eea505d44f28cc5a94989353c77.png',562),(2014,'https://product.hstatic.net/1000026716/product/gearvn-case-corsair-275r-airflow-black-19_7855f494a79a40dc98d9ec53ccd33ff5.png',562),(2015,'https://product.hstatic.net/1000026716/product/thumbphim_9c0bdbe5ab3143108b0154961ab4ed2e.png',563),(2016,'https://product.hstatic.net/1000026716/product/g_pro_x_rgb_lightsync_mechanical_gx_blue_switch_gaming_keyboard_0000_3_b649a353c1254ba8b3c30c617d467b4b.jpg',563),(2017,'https://product.hstatic.net/1000026716/product/thumbphim_bb230a127d4b4f9a96749383e2a90e34.png',564),(2018,'https://product.hstatic.net/1000026716/product/image-removebg-preview__2__208e62f9612d49db8415bebd76dcda0e.png',564),(2019,'https://product.hstatic.net/1000026716/product/phim4_26c45ac2c4c7409f931a81145fd13234.png',564),(2020,'https://product.hstatic.net/1000026716/product/thumbphim_b8b3aa506f7a422eaa3db1caa37aae35.png',565),(2021,'https://product.hstatic.net/1000026716/product/g913-tkl-wireless-3_6236943bd7d345e4898ac7e9606ba1a1.png',565),(2022,'https://product.hstatic.net/1000026716/product/g913-tkl-wireless-5_e75f55ad228543788729fac6210de702.png',565),(2023,'https://product.hstatic.net/1000026716/product/gearvn-ban-phim-razer-blackwidow-v3-tenkeyless-666_24483706be45408da1aaa07a0616824b.jpg',566),(2024,'https://product.hstatic.net/1000026716/product/base-k55-rgb-pro-config-gallery-k55-rgb-pro-01_383e5e6b6c1448ec8ea2774436fc35bb.jpg',567),(2025,'https://product.hstatic.net/1000026716/product/-base-k55-rgb-pro-config-gallery-k55-rgb-pro-26_c277e990eda54e6fa04f6d9ea47f6f8f.jpg',567),(2026,'https://product.hstatic.net/1000026716/product/-base-k55-rgb-pro-config-gallery-k55-rgb-pro-23_6f011f0aced9460f8fca38b98d753791.jpg',567),(2027,'https://product.hstatic.net/1000026716/product/gearvn-ban-phim-vortex-8700-multix-summer-1_e3c4734e26be45d7a2297c9ab5b4c340.jpg',568),(2028,'https://product.hstatic.net/1000026716/product/gearvn-ban-phim-vortex-8700-multix-summer-7_679fac4b751242769b1a5c2315d46c21.jpg',568),(2029,'https://product.hstatic.net/1000026716/product/gearvn-ban-phim-vortex-8700-multix-summer-5_977cb87fd38c4908bc2a260b7e5e908d.jpg',568),(2030,'https://product.hstatic.net/1000026716/product/gearvn-ban-phim-vortex-8700-multix-summer-4_95189bccc5cd4377924c8169c19e939a.jpg',568),(2031,'https://cdn2.cellphones.com.vn/358x/media/catalog/product/c/a/cap-type-c-to-lightning-anker-powerline-iii-0-9m_1_1.jpg',569),(2032,'https://cdn2.cellphones.com.vn/358x/media/catalog/product/c/a/cap-type-c-to-lightning-anker-powerline-iii-0-9m-1.jpg',569),(2033,'https://cdn2.cellphones.com.vn/358x/media/catalog/product/c/a/cap-type-c-to-lightning-anker-powerline-iii-0-9m.jpg',569),(2034,'https://cdn2.cellphones.com.vn/358x/media/catalog/product/d/e/de-sac-khong-day-magsafe-aukey-lc-a1-15w.jpg',570),(2035,'https://cdn2.cellphones.com.vn/358x/media/catalog/product/0/1/01_800x_1.png',570),(2036,'https://cdn2.cellphones.com.vn/358x/media/catalog/product/c/a/cap-type-c-to-lightning-aukey-cb-cl3-mfi-0-9m_2.jpg',571),(2037,'https://cdn2.cellphones.com.vn/358x/media/catalog/product/c/a/cap-type-c-to-lightning-aukey-cb-cl3-mfi-0-9m.jpg',571),(2038,'https://cdn2.cellphones.com.vn/358x/media/catalog/product/c/a/cap-type-c-to-lightning-aukey-cb-cl3-mfi-0-9m_2_.jpg',571),(2039,'https://cdn2.cellphones.com.vn/358x/media/catalog/product/c/u/cu-sac-nhanh-xiaomi-zmi-ha716-type-c-20w-pd.jpg',572),(2040,'https://cdn2.cellphones.com.vn/358x/media/catalog/product/c/u/cu-sac-nhanh-xiaomi-zmi-ha716-type-c-20w-pd-1.jpg',572),(2041,'https://cdn2.cellphones.com.vn/358x/media/catalog/product/c/u/cu-sac-nhanh-xiaomi-zmi-ha716-type-c-20w-pd-3.png',572),(2042,'https://cdn2.cellphones.com.vn/358x/media/catalog/product/p/i/pin-sac-du-phong-apple-magsafe-mjwy3-3.jpg',574),(2043,'https://cdn2.cellphones.com.vn/358x/media/catalog/product/p/i/pin-sac-du-phong-apple-magsafe-mjwy3-2.jpg',574),(2044,'https://cdn2.cellphones.com.vn/358x/media/catalog/product/p/i/pin-sac-du-phong-xiaomi-redmi-20000mah-sac-nhanh-18w-ts.jpg',573),(2045,'https://cdn2.cellphones.com.vn/358x/media/catalog/product/0/5/05d5ceed13cf249556fbbd01ca1844d8-removebg-preview.png',573),(2046,'https://cdn2.cellphones.com.vn/358x/media/catalog/product/0/b/0b4759a5a9d28d291468d9ba28a683ac.jpeg',573),(2047,'https://product.hstatic.net/1000026716/product/gearvn-chuot-may-tinh-asus-tuf-gaming-m3-1_1084923e02ee4a489f1e9982f7e8d087.jpg',575),(2048,'https://product.hstatic.net/1000026716/product/gearvn-chuot-may-tinh-asus-tuf-gaming-m3-1_3f56c6c7c5b345ce816aab58aefeda65.jpg',575),(2049,'https://cdn.tgdd.vn/Products/Images/44/284140/hp-15s-fq5077tu-i7-6k797pa-2.jpg',576),(2050,'https://cdn.tgdd.vn/Products/Images/44/284140/hp-15s-fq5077tu-i7-6k797pa-4.jpg',576),(2051,'https://cdn.tgdd.vn/Products/Images/44/284140/hp-15s-fq5077tu-i7-6k797pa-5.jpg',576),(2052,'https://cdn.tgdd.vn/Products/Images/44/270151/thinkbook-14p-g2-ach-r5-20yn001hvn-2-2.jpg',577),(2053,'https://cdn.tgdd.vn/Products/Images/44/270151/thinkbook-14p-g2-ach-r5-20yn001hvn-4-2.jpg',577),(2054,'https://cdn.tgdd.vn/Products/Images/44/270151/thinkbook-14p-g2-ach-r5-20yn001hvn-5-2.jpg',577),(2055,'https://cdn.tgdd.vn/Products/Images/44/284258/asus-zenbook-14-oled-ux3402za-i5-km218w-01.jpg',578),(2056,'https://cdn.tgdd.vn/Products/Images/44/284258/asus-zenbook-14-oled-ux3402za-i5-km218w-02.jpg',578),(2057,'https://cdn.tgdd.vn/Products/Images/44/284258/asus-zenbook-14-oled-ux3402za-i5-km218w-04.jpg',578),(2058,'https://cdn.tgdd.vn/Products/Images/44/284258/asus-zenbook-14-oled-ux3402za-i5-km218w-09.jpg',578),(2059,'https://cdn.tgdd.vn/Products/Images/44/272005/lenovo-gaming-legion-5-15ith6-i7-82jk00fnvn-2.jpg',579),(2060,'https://cdn.tgdd.vn/Products/Images/44/272005/lenovo-gaming-legion-5-15ith6-i7-82jk00fnvn-4.jpg',579),(2061,'https://cdn.tgdd.vn/Products/Images/44/272005/lenovo-gaming-legion-5-15ith6-i7-82jk00fnvn-1.jpg',579),(2062,'https://cdn.tgdd.vn/Products/Images/44/272005/lenovo-gaming-legion-5-15ith6-i7-82jk00fnvn-5.jpg',579),(2063,'https://cdn.tgdd.vn/Products/Images/44/272282/acer-nitro-5-tiger-an515-58-52sp-i5-nhqfhsv001-1.jpg',580),(2064,'https://cdn.tgdd.vn/Products/Images/44/272282/acer-nitro-5-tiger-an515-58-52sp-i5-nhqfhsv001-4.jpg',580),(2065,'https://cdn.tgdd.vn/Products/Images/44/272282/acer-nitro-5-tiger-an515-58-52sp-i5-nhqfhsv001-5.jpg',580),(2066,'https://cdn.tgdd.vn/Products/Images/44/272282/acer-nitro-5-tiger-an515-58-52sp-i5-nhqfhsv001-11.jpg',580),(2067,'https://cdn.tgdd.vn/Products/Images/44/282827/apple-macbook-air-m2-2022-01.jpg',581),(2068,'https://cdn.tgdd.vn/Products/Images/44/282827/apple-macbook-air-m2-2022-2-1.jpg',581),(2069,'https://cdn.tgdd.vn/Products/Images/44/282827/apple-macbook-air-m2-2022-03-2.jpg',581),(2070,'https://cdn.tgdd.vn/Products/Images/44/282827/apple-macbook-air-m2-2022-06-1.jpg',581),(2071,'https://cdn.tgdd.vn/Products/Images/44/253636/apple-macbook-pro-16-m1-pro-2021-1.jpg',582),(2072,'https://cdn.tgdd.vn/Products/Images/44/253636/apple-macbook-pro-16-m1-pro-2021-2-1.jpg',582),(2073,'https://cdn.tgdd.vn/Products/Images/44/253636/apple-macbook-pro-16-m1-pro-2021-3-1.jpg',582),(2074,'https://cdn.tgdd.vn/Products/Images/44/253636/apple-macbook-pro-16-m1-pro-2021-4.jpg',582),(2075,'https://cdn.tgdd.vn/Products/Images/44/282828/apple-macbook-pro-13-inch-m2-2022-1.jpg',583),(2076,'https://cdn.tgdd.vn/Products/Images/44/282828/apple-macbook-pro-13-inch-m2-2022-2-1.jpg',583),(2077,'https://cdn.tgdd.vn/Products/Images/44/282828/apple-macbook-pro-13-inch-m2-2022-3-1.jpg',583),(2078,'https://cdn.tgdd.vn/Products/Images/44/282828/apple-macbook-pro-13-inch-m2-2022-6-1.jpg',583),(2079,'https://cdn.hoanghamobile.com/i/productlist/dsp/Uploads/2020/10/10/iphone%2011%20(10).png',584),(2080,'https://cdn.hoanghamobile.com/i/productlist/dsp/Uploads/2020/10/10/iphone%2011%20(2).png',584),(2081,'https://cdn.hoanghamobile.com/i/productlist/dsp/Uploads/2020/10/10/iphone%2011%20(9).png',584),(2082,'https://cdn.hoanghamobile.com/i/productlist/dsp/Uploads/2020/10/10/iphone%2011%20(11).png',584),(2083,'https://cdn.hoanghamobile.com/i/productlist/dsp/Uploads/2021/09/15/image-removebg-preview-13.png',585),(2084,'https://cdn.hoanghamobile.com/i/productlist/dsp/Uploads/2021/09/15/image-removebg-preview-10.png',585),(2085,'https://cdn.hoanghamobile.com/i/productlist/dsp/Uploads/2021/09/15/image-removebg-preview-12.png',585),(2086,'https://cdn.hoanghamobile.com/i/productlist/dsp/Uploads/2022/03/09/image-removebg-preview-2.png',585),(2087,'https://cdn.hoanghamobile.com/i/productlist/dsp/Uploads/2021/09/15/image-removebg-preview-18.png',586),(2088,'https://cdn.hoanghamobile.com/i/productlist/dsp/Uploads/2021/09/15/image-removebg-preview-17.png',586),(2089,'https://cdn.hoanghamobile.com/i/productlist/dsp/Uploads/2021/09/15/image-removebg-preview-16.png',586),(2090,'https://cdn.hoanghamobile.com/i/productlist/dsp/Uploads/2021/09/15/image-removebg-preview-15.png',586),(2091,'https://cdn.hoanghamobile.com/i/productlist/dsp/Uploads/2020/10/29/image-removebg-preview%20(82).png',587),(2092,'https://cdn.hoanghamobile.com/i/productlist/dsp/Uploads/2020/10/29/image-removebg-preview%20(84).png',587),(2093,'https://cdn.hoanghamobile.com/i/productlist/dsp/Uploads/2020/10/29/image-removebg-preview%20(83).png',587),(2094,'https://cdn.hoanghamobile.com/i/productlist/dsp/Uploads/2020/10/27/image-removebg-preview%20(52).png',588),(2095,'https://cdn.hoanghamobile.com/i/productlist/dsp/Uploads/2020/10/27/image-removebg-preview%20(51).png',588),(2096,'https://cdn.hoanghamobile.com/i/productlist/dsp/Uploads/2020/10/27/image-removebg-preview%20(28).png',589),(2097,'https://cdn.hoanghamobile.com/i/productlist/dsp/Uploads/2020/10/27/image-removebg-preview%20(27).png',589),(2098,'https://cdn.hoanghamobile.com/i/productlist/dsp/Uploads/2020/10/27/image-removebg-preview%20(30).png',589);
/*!40000 ALTER TABLE `image` ENABLE KEYS */;
UNLOCK TABLES;

--
-- Table structure for table `ordersingle`
--

DROP TABLE IF EXISTS `ordersingle`;
/*!40101 SET @saved_cs_client     = @@character_set_client */;
/*!50503 SET character_set_client = utf8mb4 */;
CREATE TABLE `ordersingle` (
  `id` int NOT NULL AUTO_INCREMENT,
  `product_id` int DEFAULT NULL,
  `price` float DEFAULT NULL,
  `number` int DEFAULT NULL,
  `orderTotal_id` varchar(11) DEFAULT NULL,
  PRIMARY KEY (`id`)
) ENGINE=InnoDB AUTO_INCREMENT=116 DEFAULT CHARSET=utf8mb3;
/*!40101 SET character_set_client = @saved_cs_client */;

--
-- Dumping data for table `ordersingle`
--

LOCK TABLES `ordersingle` WRITE;
/*!40000 ALTER TABLE `ordersingle` DISABLE KEYS */;
INSERT INTO `ordersingle` VALUES (97,493,26590000,1,'7c6xO4hJRR'),(98,500,1990000,1,'4E02X8Opf4'),(99,2,20890500,1,'MTZAFbKtkP'),(100,522,5490000,100,'lHKiLl0qyM'),(101,522,5490000,100,'aUF1BLpJOT'),(102,478,28791000,1,'1z3GRvCED7'),(103,501,90000,11,'bn9S3qqcSE'),(104,516,294000,5,'bn9S3qqcSE'),(105,492,18990000,1,'uCqrT4Ot0K'),(106,493,26590000,1,'uCqrT4Ot0K'),(107,494,17590000,1,'uCqrT4Ot0K'),(108,520,3695500,2,'uCqrT4Ot0K'),(109,492,18990000,98,'LtcHIJlCez'),(110,481,20241000,5,'xWkjcEebhP'),(111,501,90000,5,'iVCeehUWKn'),(112,516,294000,5,'iVCeehUWKn'),(113,477,11474200,5,'8pa5otcrgZ'),(114,503,12990000,4,'8pa5otcrgZ'),(115,515,232000,1,'7aGVDAlOga');
/*!40000 ALTER TABLE `ordersingle` ENABLE KEYS */;
UNLOCK TABLES;

--
-- Table structure for table `ordertotal`
--

DROP TABLE IF EXISTS `ordertotal`;
/*!40101 SET @saved_cs_client     = @@character_set_client */;
/*!50503 SET character_set_client = utf8mb4 */;
CREATE TABLE `ordertotal` (
  `id` varchar(11) NOT NULL,
  `total` float DEFAULT NULL,
  `note` varchar(200) DEFAULT NULL,
  `transport_id` int DEFAULT NULL,
  `user_id` int DEFAULT NULL,
  `phone` varchar(20) DEFAULT 'no',
  `discount` float DEFAULT '0',
  `status` int DEFAULT '0',
  `name` varchar(100) DEFAULT 'Customer',
  `time_order` datetime DEFAULT NULL,
  PRIMARY KEY (`id`),
  KEY `transport_id` (`transport_id`),
  CONSTRAINT `ordertotal_ibfk_1` FOREIGN KEY (`transport_id`) REFERENCES `transport` (`id`)
) ENGINE=InnoDB DEFAULT CHARSET=utf8mb3;
/*!40101 SET character_set_client = @saved_cs_client */;

--
-- Dumping data for table `ordertotal`
--

LOCK TABLES `ordertotal` WRITE;
/*!40000 ALTER TABLE `ordertotal` DISABLE KEYS */;
INSERT INTO `ordertotal` VALUES ('1z3GRvCED7',27380000,'',1,87,'123456789',5,0,'Phan Duy Dong ','2022-06-28 23:00:11'),('4E02X8Opf4',1813500,'QUỴT',4,87,'09191988522',10,2,'Phan Duy Dong ','2022-06-28 14:40:21'),('7aGVDAlOga',262000,'',1,-1,'0337533712',0,0,'Duc','2022-07-15 20:06:47'),('7c6xO4hJRR',25289000,'',6,86,'0961774218',5,-1,'Nguyen Xuan Khiem','2022-06-28 14:35:09'),('8pa5otcrgZ',10936100,'Ship nhanh',1,90,'0827299123',90,0,'Duc Do','2022-07-02 15:19:42'),('aUF1BLpJOT',549030000,'',1,86,'12345678',0,2,'Nguyen Xuan Khiem','2022-06-28 15:27:54'),('bn9S3qqcSE',2495000,'not',3,90,'01020320131',0,-1,'Duc Do','2022-06-29 14:44:57'),('iVCeehUWKn',195000,'hello world',1,90,'0827299123',90,0,'Duc Do','2022-06-30 21:22:33'),('lHKiLl0qyM',521583000,'',3,86,'12345678',5,-1,'Nguyen Xuan Khiem','2022-06-28 15:27:02'),('LtcHIJlCez',1861050000,'',1,90,'123123123123',0,0,'Duc Do','2022-06-30 16:03:13'),('MTZAFbKtkP',20920500,'',1,87,'123456789',0,2,'Phan Duy Dong ','2022-06-28 14:49:15'),('uCqrT4Ot0K',70591000,'Ship cho cẩn thận',1,90,'0182828202',0,0,'Duc Do','2022-06-30 10:36:53'),('xWkjcEebhP',101235000,'Giao nhanh',1,90,'08242434124',0,0,'Duc Do','2022-06-30 21:06:25');
/*!40000 ALTER TABLE `ordertotal` ENABLE KEYS */;
UNLOCK TABLES;

--
-- Table structure for table `product`
--

DROP TABLE IF EXISTS `product`;
/*!40101 SET @saved_cs_client     = @@character_set_client */;
/*!50503 SET character_set_client = utf8mb4 */;
CREATE TABLE `product` (
  `id` int NOT NULL AUTO_INCREMENT,
  `title` varchar(300) CHARACTER SET utf8mb3 COLLATE utf8_general_ci DEFAULT NULL,
  `description` varchar(1000) CHARACTER SET utf8mb3 COLLATE utf8_general_ci DEFAULT NULL,
  `rating` float DEFAULT '5',
  `sold` int DEFAULT '0',
  `price_default` float DEFAULT NULL,
  `cate_id` int DEFAULT NULL,
  `collection_id` int DEFAULT NULL,
  `brand_id` int DEFAULT NULL,
  `discountAmount` int DEFAULT '0',
  `quantity` int DEFAULT '100',
  PRIMARY KEY (`id`),
  KEY `cate_id` (`cate_id`),
  KEY `collection_id` (`collection_id`),
  KEY `brand_id` (`brand_id`),
  CONSTRAINT `product_ibfk_2` FOREIGN KEY (`collection_id`) REFERENCES `collection` (`id`),
  CONSTRAINT `product_ibfk_3` FOREIGN KEY (`brand_id`) REFERENCES `brand` (`id`)
) ENGINE=InnoDB AUTO_INCREMENT=590 DEFAULT CHARSET=utf8mb3;
/*!40101 SET character_set_client = @saved_cs_client */;

--
-- Dumping data for table `product`
--

LOCK TABLES `product` WRITE;
/*!40000 ALTER TABLE `product` DISABLE KEYS */;
INSERT INTO `product` VALUES (2,'Laptop gaming MSI Katana GF66 11UC 224VN','CPU: Intel Core i7-11800H 2.3GHz up to 4.6GHz 24MB, 8 nhân, 16 luồng\r\nRam: 8GB DDR4 3200MHz (2x SO-DIMM socket, up to 64GB SDRAM)\r\nỔ cứng: 512GB NVMe PCIe Gen3x4 SSD (1 slot)\r\nVGA: NVIDIA® GeForce RTX™ 3050 4GB GDDR6 \r\nXung boost tối đa 1500MHz, công suất tiêu thụ tối đa 60W\r\nMàn hình: 15.6 inch FHD (1920x1080), 144Hz, IPS-level    ',5,20,22000000,2,2,9,5,20),(477,'Laptop MSI Modern 14 B11MOU 1028VN','CPU: Intel Core i3-1115G4 1.7GHz lên đến 4.1GHz \r\nRAM: 8GB DDR4 3200MHz (2 Khe, tối đa 64GB)\r\nỔ lưu trữ: 256GB PCIe NVMe™ M.2 SSD\r\nCard đồ họa: Đồ họa Intel UHD \r\nMàn hình: 14 inch FHD (1920 x 1080) IPS-Level, 60Hz, 45% NTSC, viền mỏng',5,5,13499000,1,2,9,15,13),(478,'Laptop ASUS VivoBook Pro 16X OLED M7600QC L2077W','CPU:AMD Ryzen 5 5600H 3.3GHz up to 4.2GHz 16MB, 6 nhân, 12 luồng\r\nRAM: 16GB Onboard DDR4 3200MHz\r\n\r\nỔ cứng: 512GB M.2 NVMe™ PCIe® 3.0 SSD (1slot)\r\nVGA: NVIDIA® GeForce® RTX™ 3050 4GB GDDR6 Boost up to 1057.5MHz at 35W (50W with Dynamic Boost)\r\nMàn hình: 16 inch 4K/UHD (3840 x 2400) OLED 16:10, 550nits peak brightness, 100% DCI-P3 color gamut, 1,000,000:1, VESA CERTIFIED Display HDR True Black 500, 1.07 billion colors, PANTONE Validated, Glossy display, 70% less harmful blue light, SGS Eye Care Display, Screen-to-body ratio: 86 ％',5,1,31990000,1,2,4,10,22),(479,'Laptop Dell Vostro 5410 V4I5214W1','CPU: Intel Core i5 11320H (2.5Ghz Upto 4.5Ghz/8MB cache)\r\nRAM: 8GB DDR4 3200MHz (2x SO-DIMM socket, up to 32GB SDRAM)\r\nỔ cứng: 512GB PCIe NVMe SSD\r\nCard màn hình: Intel® Iris® Xe Graphics\r\nĐọc thẻ nhớ:	SD\r\nMàn hình: 14.0-inch FHD (1920 x 1080) Anti-glare LED Backlight Non-Touch Narrow Border WVA',5,0,22690000,1,2,8,10,4),(480,'Laptop gaming GIGABYTE G5 MD 51S1123SO','CPU: Intel Core i5-11400H 2.7GHz up to 4.5GHz 12MB\r\nRAM: 16GB (8x2) DDR4 3200MHz (2x SO-DIMM socket, up to 64GB SDRAM)\r\nỔ cứng: 512GB SSD M.2 PCIE G3X4 (Còn trống 1 khe SSD M.2 PCIE và 1 khe 2.5\" SATA)\r\nCard đồ họa: NVIDIA GeForce RTX 3050Ti 4GB GDDR6 Boost Clock 1500 MHz, Maximum Graphics Power 75 W\r\nMàn hình: 15.6\" FHD (1920 x 1080) IPS-level Anti-glare Display LCD, 144Hz, 72% NTSC, 100% sRGB.',5,0,21990000,2,2,25,0,8),(481,'Laptop Gaming Asus ROG Strix G15 G513IH HN015W','CPU: AMD Ryzen 7-4800H 2.9GHz up to 4.2GHz, 8 cores 16 threads\r\nRAM: 8GB DDR4 3200MHz (2x SO-DIMM socket)\r\nỔ lưu trữ: 512GB M.2 NVMe™ PCIe® 3.0 SSD (+1 khe M.2 PCIe trống)\r\nCard đồ họa:	NVIDIA Geforce GTX 1650 4GB GDDR6\r\nMàn hình: 15.6 inch FHD (1920 x 1080) IPS, Non-Glare, 144Hz AdaptiveSync, Nanoedge',5,5,22490000,2,2,4,10,19),(482,'Laptop Lenovo IdeaPad Gaming 3 15IHU6 82K100KLVN','CPU: Intel Core i5-11300H (4C / 8T, 3.1 / 4.4GHz, 8MB)\r\nRam: 8GB (8x1) DDR4 3200MHz (2x SO-DIMM socket, up to 16GB SDRAM)\r\nỔ cứng: 512GB SSD M.2 2242 PCIe 3.0x4 NVMe (Còn 1 slot M.2 2280 hoặc 1 slot 2.5\" HDD/SSD)\r\nVGA: NVIDIA GeForce RTX 3050 Ti 4GB GDDR6, Boost Clock 1485 / 1695MHz, TGP 90W\r\nMàn hình: 15.6\" FHD (1920x1080) IPS 250nits Anti-glare, 120Hz, 45% NTSC, DC dimmer',5,0,24990000,2,2,6,12,5),(483,'Laptop Dell Gaming Alienware m15 R6','CPU: i7 11800H2.30 GHz\r\nRAM: 32 GBDDR4 2 khe (1 khe 16GB + 1 khe 16GB)3200 MHz\r\nỔ cứng: 1 TB SSD M.2 PCIe (Có thể tháo ra, lắp thanh khác tối đa 2TB)Hỗ trợ thêm 1 khe cắm SSD M.2 PCIe mở rộng (nâng cấp tối đa 2TB)\r\nMàn hình: 15.6\"QHD (2560 x 1440)240Hz\r\nCard màn hình: Card rờiRTX 3070 8GB',5,0,55149000,3,2,8,5,12),(484,'Laptop MSI Creator Z16 A12UET','CPU: i7 12700H2.30 GHz\r\nRAM: 16 GBDDR5 2 khe (1 khe 8GB + 1 khe 8GB)4800 MHz\r\nỔ cứng: 1 TB SSD M.2 PCIe (Có thể tháo ra, lắp thanh khác tối đa 2TB)Hỗ trợ thêm 1 khe cắm SSD M.2 PCIe mở rộng (nâng cấp tối đa 2TB)\r\nMàn hình: 16\"QHD+ (2560 x 1600)120Hz\r\nCard màn hình: Card rờiRTX 3060 6GB',5,0,58900000,3,2,9,0,12),(485,'Laptop HP ZBook Firefly 14 G8','CPU: i51135G72.4GHz\r\nRAM: 16 GBDDR4 2 khe (8 GB onboard + 8 GB onboard)3200 MHz\r\nỔ cứng: 512 GB SSD NVMe PCIe\r\nMàn hình: 14\"Full HD (1920 x 1080)\r\nCard màn hình: Card rờiNVIDIA Quadro T500, 4GB',5,0,37890000,3,2,7,5,12),(486,'Laptop Apple MacBook Air M1 2020 Z124000DE','CPU: Apple M1\r\nRAM: 16 GB\r\nỔ cứng: 256 GB SSD\r\nMàn hình: 13.3\"Retina (2560 x 1600)\r\nCard màn hình: Card tích hợp7 nhân GPU',5,0,32990000,4,2,3,5,5),(487,'Laptop Apple MacBook Pro M1 2020 Z11C','CPU: Apple M1\r\nRAM: 16 GB\r\nỔ cứng: 512 GB SSD\r\nMàn hình: 13.3\"Retina (2560 x 1600)\r\nCard màn hình: Card tích hợp8 nhân GPU',5,0,44900000,4,2,3,5,20),(488,'Laptop MacBook Pro 14 M1 Max 2021 Z15G','CPU: Apple M1 Max400GB/s memory bandwidth\r\nRAM: 32 GB\r\nỔ cứng: 512 GB SSD\r\nMàn hình: 14.2\"Liquid Retina XDR display (3024 x 1964)120Hz\r\nCard màn hình: Card tích hợp24 nhân GPU',5,0,75990000,4,2,3,3,12),(489,'FLP Homework Pentium','Mainboard: ASUS PRIME H510M-A WIFI  (tích hợp WIFI 5 + BT 5.1)	\r\nCPU: Intel Pentium G6405 / 4MB / 4.1GHz / 2 Nhân 4 Luồng / LGA 1200	\r\nRAM: RAM G.SKILL Ripjaws V 1x8GB 2800 DDR4 (F4-2800C17S-8GVR)	\r\nHDD: Có thể tùy chọn Nâng cấp	\r\nSSD: KIMTIGO 240GB 2.5\" SATA 3	\r\nPSU: Jetek 350W Elite V2	\r\nCase: Jetek EM4',5,0,6350000,22,3,4,0,15),(490,'Máy bộ PC Intel® NUC NUC7PJYHN2','Thương hiệu: Intel\r\nTình trạng: Mới\r\nBảo hành: 36 Tháng\r\nMàu sắc: Đen',5,0,5900000,22,3,35,2,11),(491,'FLP Homework R3','Mainboard: ASUS PRIME A320M-E 	\r\nCPU: AMD Ryzen 3 3200G / 6MB / 4.0GHz / 4 nhân 4 luồng / AM4	\r\nRAM: G.SKILL Ripjaws V 1x8GB 2800 DDR4 (F4-2800C17S-8GVR)	\r\nHDD: Có thể tùy chọn Nâng cấp	 \r\nSSD: KIMTIGO 240GB 2.5\" SATA 3	\r\nPSU: Jetek 350W Elite V2	\r\nCase: Jetek EM4',5,0,6590000,22,3,4,5,10),(492,'Điện thoại Apple iPhone 13 VN/A','Công nghệ màn hình: OLED\r\nĐộ phân giải:: 1170 x 2532 Pixels\r\nĐộ phân giải: 2 camera 12 MP, 12 MP\r\nChip xử lý (CPU): Apple A15 Bionic 6 nhân\r\nBộ nhớ trong (ROM): 128 GB\r\nRAM: 4 GB',5,99,18990000,45,5,3,0,15),(493,'Điện thoại Apple iPhone 13 Pro Max VN/A','Công nghệ màn hình: OLED\r\nĐộ phân giải: 1284 x 2778 Pixels\r\nĐộ phân giải: 3 camera 12 MP, 12 MP\r\nHệ điều hành: iOS 15\r\nChip xử lý (CPU): Apple A15 Bionic 6 nhân\r\nBộ nhớ trong (ROM): 128 GB\r\nRAM: 6 GB',5,2,26590000,45,5,3,0,15),(494,'Apple iPhone 12 VN/A','Công nghệ màn hình: OLED\r\nĐộ phân giải: 1170 x 2532 Pixels\r\nMàn hình rộng: 6.1\"\r\nĐộ phân giải: 2 camera 12 MP, 12 MP\r\nHệ điều hành: iOS 14\r\nChip xử lý (CPU): Apple A14 Bionic 6 nhân\r\nBộ nhớ trong (ROM): 128 GB\r\nRAM: 4 GB',5,1,17590000,45,5,3,0,15),(495,'OPPO Reno7 Z 5G','Công nghệ màn hình: AMOLED\r\nĐộ phân giải: 2400 x 1080 FHD+, 60Hz\r\nMàn hình rộng: 6.43\'\'\r\nHệ điều hành: ColorOS 12\r\nChip xử lý (CPU): SDM6375 5G, Octa-core\r\nBộ nhớ trong (ROM): 128GB\r\nRAM: 8GB\r\nDung lượng pin: 4500 mAh - 33W',5,0,9350000,47,5,15,0,10),(496,' Vivo V23 5G 8GB/128GB','Công nghệ màn hình: AMOLED\r\nĐộ phân giải: 6,44\" FHD+\r\nĐộ phân giải: Chính 64 MP & Phụ 8 MP, 2 MP, Chính 50 MP & Phụ 8 MP\r\nHệ điều hành: Android 12\r\nChip xử lý (CPU): MediaTek Dimensity 920 5G 8 nhân\r\nBộ nhớ trong (ROM): 128 GB\r\nRAM: 8 GB\r\nDung lượng pin: 4200 mAh',5,0,10590000,47,5,16,0,20),(497,'Samsung Galaxy A73 5G','Công nghệ màn hình: Super AMOLED Plus\r\nĐộ phân giải: Full HD+ (1080 x 2400 Pixels)\r\nMàn hình rộng: 6.7\" - Tần số quét 120 Hz\r\nĐộ phân giải: Chính 108 MP & Phụ 12 MP, 5 MP, 5 MP, 32 MP\r\nChip xử lý (CPU): Snapdragon 778G 5G 8 nhân\r\nBộ nhớ trong (ROM): 128GB\r\nRAM: 8GB\r\nDung lượng pin: Li-Ion 5000 mAh',5,0,10090000,47,5,14,0,20),(498,'Tai nghe LG Bluetooth Tone Free FP9','Công nghệ âm thanh 3D lan toả âm thanh 360 độ, Chế độ thì thầm thu rõ giọng nói của bạn ngay cả nơi đông người, Đèn UV tiêu diệt 99.9% vi khuẩn,tự động kích hoạt khi sạc pin, Bộ EQ được tuỳ chỉnh từ Meridian thông qua ứng dụng LG Tone, Tập thể dục thoải mái với chuẩn kháng nước IPX4',5,0,3150000,54,7,11,0,33),(499,'Tai nghe Apple AirPods Pro (MLWK3ZP/A, MagSafe)','AirPods Pro là chiếc tai nghe không dây nổi tiếng đến từ thương hiệu Apple. Với thiết kế tinh tế cùng công nghệ hiện đại, sản phẩm này sẽ mang đến cho bạn những trải nghiệm âm thanh sâu lắng, chân thực.',5,0,4590000,54,7,3,0,42),(500,'Tai nghe JBL Quantum 400','Nằm trong dòng tai nghe Gaming top 1 của JBL, - Trang bị công nghệ JBL QuantumSURROUND™️ và chuẩn âm thanh vòm DTS Headphone:X 2.0, - Công nghệ âm thanh JBL QuantumSOUND Signature độc quyền, - Micro định hướng, - Tương thích với nhiều nền tảng, - Mic: Có, - Trở kháng: 32 ohms, - Tần số phản hồi: 20 Hz - 20 kHz, - Độ nhạy: 98 dB SPL @1 kHz / 1mW, -',5,1,1990000,54,7,29,0,25),(501,'Cáp Lightning 1m Hydrus CS-C-021 ','Đầu vào: USB Type-A\r\nĐầu ra: Lightning 5V - 2.4A\r\nĐộ dài dây: 1 m\r\nCông suất tối đa: 12 W\r\nSản xuất tại: Trung Quốc',5,16,150000,58,7,37,40,58),(502,'Chuột không dây Gaming Asus TUF M4 WL ','Tương thích\r\n\r\nWindows\r\nĐộ phân giải mặc định\r\n\r\n12000 DPI\r\nCách kết nối\r\n\r\nBluetoothĐầu thu USB Receiver\r\nĐộ dài dây/Khoảng cách kết nối\r\n\r\n15 m\r\nĐèn LED\r\n\r\nKhông có\r\nỨng dụng điều khiển\r\n\r\nArmory Crate\r\nLoại pin\r\n\r\n1 viên pin AA1 viên pin AAA\r\nTrọng lượng\r\n\r\n77 g (khi dùng pin AAA)',5,0,1200000,55,7,4,10,12),(503,'Máy tính bảng Huawei MatePad 11','Màn hình:\r\n\r\n10.9\"IPS LCD\r\nHệ điều hành:\r\n\r\nHarmonyOS 2.0\r\nChip:\r\n\r\nSnapdragon 865 8 nhân\r\nRAM:\r\n\r\n6 GB\r\nBộ nhớ trong:\r\n\r\n128 GB\r\nCamera sau:\r\n\r\n13 MP\r\nCamera trước:\r\n\r\n8 MP\r\nPin, Sạc:\r\n\r\n7250 mAh18 W',5,4,12990000,51,6,13,0,23),(504,'Máy tính bảng iPad Air 4 Wifi 64GB (2020) ','Màn hình:\r\n\r\n10.9\"Liquid Retina\r\nHệ điều hành:\r\n\r\niPadOS 15\r\nChip:\r\n\r\nApple A14 Bionic\r\nRAM:\r\n\r\n4 GB\r\nBộ nhớ trong:\r\n\r\n64 GB\r\nKết nối:\r\n\r\nNghe gọi qua FaceTime\r\nCamera sau:\r\n\r\n12 MP\r\nCamera trước:\r\n\r\n7 MP\r\nPin, Sạc:\r\n\r\n28.65 Wh (~ 7600 mAh)20 W',5,0,13990000,51,6,3,0,12),(505,'Máy tính bảng Samsung Galaxy Tab S7 FE WiFi','Màn hình:\r\n\r\n12.4\"TFT LCD\r\nHệ điều hành:\r\n\r\nAndroid 11\r\nChip:\r\n\r\nSnapdragon 778G 8 nhân\r\nRAM:\r\n\r\n4 GB\r\nBộ nhớ trong:\r\n\r\n64 GB\r\nCamera sau:\r\n\r\n8 MP\r\nCamera trước:\r\n\r\n5 MP\r\nPin, Sạc:\r\n\r\n10090 mAh45 W',5,0,11599000,51,6,14,0,14),(506,'Máy tính bảng iPad Air 5 M1 Wifi Cellular 64GB','Màn hình:\r\n\r\n10.9\"Retina IPS LCD\r\nHệ điều hành:\r\n\r\niPadOS 15\r\nChip:\r\n\r\nApple M1 8 nhân\r\nRAM:\r\n\r\n8 GB\r\nBộ nhớ trong:\r\n\r\n64 GB\r\nKết nối:\r\n\r\n5GNghe gọi qua FaceTime\r\nSIM:\r\n\r\n1 Nano SIM & 1 eSIM\r\nCamera sau:\r\n\r\n12 MP\r\nCamera trước:\r\n\r\n12 MP\r\nPin, Sạc:\r\n\r\n28.6 Wh (~ 7587 mAh)20 W',5,0,19990000,52,6,3,0,13),(507,'Máy tính bảng Samsung Galaxy Tab S8 Ultra','Màn hình:\r\n\r\n14.6\"Super AMOLED\r\nHệ điều hành:\r\n\r\nAndroid 12\r\nChip:\r\n\r\nSnapdragon 8 Gen 1 8 nhân\r\nRAM:\r\n\r\n8 GB\r\nBộ nhớ trong:\r\n\r\n128 GB\r\nKết nối:\r\n\r\n5GCó nghe gọi\r\nSIM:\r\n\r\n1 Nano SIM\r\nCamera sau:\r\n\r\nChính 13 MP & Phụ 6 MP\r\nCamera trước:\r\n\r\n2 Camera 12 MP\r\nPin, Sạc:\r\n\r\n11200 mAh45 W',5,0,28900000,52,6,14,2,11),(508,'Máy tính bảng Samsung Galaxy Tab S8+','Màn hình:\r\n\r\n12.4\"Super AMOLED\r\nHệ điều hành:\r\n\r\nAndroid 12\r\nChip:\r\n\r\nSnapdragon 8 Gen 1 8 nhân\r\nRAM:\r\n\r\n8 GB\r\nBộ nhớ trong:\r\n\r\n128 GB\r\nKết nối:\r\n\r\n5GCó nghe gọi\r\nSIM:\r\n\r\n1 Nano SIM\r\nCamera sau:\r\n\r\nChính 13 MP & Phụ 6 MP\r\nCamera trước:\r\n\r\n12 MP\r\nPin, Sạc:\r\n\r\n10090 mAh45 W',5,0,23590000,52,6,14,0,12),(509,'Router Wifi Mesh 3 Pack AC1200 TP-Link Deco M4 Trắng','Tốc độ:\r\n\r\n300 Mbps (băng tần 2.4GHz)867 Mbps (băng tần 5GHz)\r\nBăng tần:\r\n\r\n2.4GHz5GHz\r\nSố ăng-ten:\r\n\r\n2 Anten ngầm\r\nTruy cập tối đa:\r\n\r\n100 user\r\nMật độ phủ sóng (bán kính):\r\n\r\n10 m\r\nCác cổng kết nối:\r\n\r\n1 cổng LAN (RJ45)1 x WAN',5,0,3000000,59,7,34,2,23),(510,'Router Chuẩn Wifi 6 Băng Tần Kép Asus AX55 Đen','Tốc độ:\r\n\r\n1201 Mbps (băng tần 5GHz)574 Mbps (băng tần 2.4GHz)\r\nBăng tần:\r\n\r\n2.4GHz5GHz\r\nSố ăng-ten:\r\n\r\n4 ăng ten ngoài\r\nTruy cập tối đa:\r\n\r\n25 - 30 user\r\nMật độ phủ sóng (bán kính):\r\n\r\n10 - 20 m\r\nCác cổng kết nối:\r\n\r\n4 x LAN1 x WAN',5,0,1990000,59,7,4,5,21),(511,'Bộ Mở Rộng Sóng Wifi AC1200 Mercusys ME30 Trắng ','Tốc độ:\r\n\r\n300 Mbps (băng tần 2.4GHz)867 Mbps (băng tần 5GHz)\r\nBăng tần:\r\n\r\n2.4GHz5GHz\r\nSố ăng-ten:\r\n\r\n2 ăng ten ngoài\r\nTruy cập tối đa:\r\n\r\n25 - 30 user\r\nMật độ phủ sóng (bán kính):\r\n\r\n25 m\r\nCác cổng kết nối:\r\n\r\n1 x LAN\r\nNút bấm hỗ trợ:\r\n\r\nNút Reset/WPS',5,0,459000,59,7,36,5,23),(512,'FLP MINION i1650','Mainboard	MSI H510M Pro-E	\r\nCPU	Intel Core i3 10100F / 6MB / 4.3GHZ / 4 nhân 8 luồng / LGA 1200	\r\nRAM	Kingston Fury Beast 8GB 3200 DDR4 RGB (KF432C16BBA/8)	\r\nVGA	PNY GeForce GTX 1650 4GB GDDR6 Single Fan	\r\nHDD	Có thể tùy chọn Nâng cấp\r\nSSD	PNY CS900 240G 2.5\" Sata 3	\r\nPSU	Jetek GEN450 - 80 Plus	\r\nCase 	1st Player Fire Dancing V2-A (4 fan RGB)	\r\nTản	DEEPCOOL GAMMAXX 400 XT',5,0,19900000,23,3,9,0,22),(513,'FLP PHANTOM Plus i3080Ti','Mainboard	ASUS ROG MAXIMUS Z690 HERO DDR5	\r\nCPU	Intel Core i7 12700K / 3.6GHz Turbo 5.0GHz / 12 Nhân 20 Luồng / 25MB / LGA 1700\r\nRAM	G.Skill Trident Z5 RGB 32GB (2x16GB) 5600 DDR5 Black CL30	\r\nVGA	ASUS ROG Strix GeForce RTX 3080 Ti Gaming OC Edition 12GB	\r\nSSD	SamSung 980 PRO 500GB M.2 PCIe gen 4 NVMe	\r\nHDD	Tùy chọn nâng cấp	 \r\nPSU	ASUS ROG STRIX 1000W - 80 Plus Gold - Full Modular	\r\nCase	ASUS ROG Strix Helios GX601	\r\nCooling	ASUS ROG STRIX LC II 360 ARGB',5,0,95500000,23,3,4,2,11),(514,'FLP VIPER i1660S PINK','Mainboard	GIGABYTE B660M GAMING X AX DDR4	\r\nCPU	Intel Core i5 12400F / 2.5GHz Turbo 4.4GHz / 6 Nhân 12 Luồng / 18MB / LGA 1700	\r\nRAM	Kingston Fury Beast 8GB 3200 DDR4 RGB	\r\nVGA - Card đồ họa	MSI GeForce GTX 1660 SUPER Ventus XS OC 6GB	\r\nHDD	Có thể tùy chọn Nâng cấp	\r\nSSD	Kingston NV1 250GB M.2 PCIe NVMe	\r\nPSU	MSI MAG A650BN - 80 Plus Bronze	\r\nCase 	XIGMATEK GEMINI II PINK 3FB	\r\nCooling	Cooler Master Hyper 212 ARGB',5,0,19900000,23,3,25,0,11),(515,'Pin sạc dự phòng Polymer 10.000 mAh Hydrus PA CK01','Hiệu suất sạc:\r\n\r\n64%\r\nDung lượng pin:\r\n\r\n10.000 mAh\r\nThời gian sạc đầy pin:\r\n\r\n10 - 11 giờ (dùng Adapter 1A)5 - 6 giờ (dùng Adapter 2A)\r\nNguồn vào:\r\n\r\nMicro USB: 5V - 2A\r\nNguồn ra:\r\n\r\n2 x USB: 5V - 2.1A\r\nLõi pin:\r\n\r\nPolymer\r\nCông nghệ/Tiện ích:\r\n\r\nĐèn LED báo hiệu\r\nKích thước:\r\n\r\nDày 1.5 cm - Rộng 7.5 cm - Dài 14.5 cm\r\nTrọng lượng:\r\n\r\n233 g',5,1,290000,60,7,37,20,33),(516,'Chuột có dây DareU EM908 Hồng','Tương thích\r\n\r\nMacOS (MacBook, iMac)Windows\r\nĐộ phân giải mặc định\r\n\r\n6400 DPI\r\nCách kết nối\r\n\r\nDây cắm USB\r\nĐộ dài dây/Khoảng cách kết nối\r\n\r\nDây dài 186 cm\r\nĐèn LED\r\n\r\nRGB\r\nTrọng lượng\r\n\r\n85 g',5,10,420000,55,7,38,30,45),(517,'USB 3.1 32 GB Transcend JetFlash 760','Dung lượng\r\n\r\n32 GB\r\nTốc độ đọc\r\n\r\n70 MB/s\r\nTốc độ ghi\r\n\r\n18 MB/s\r\nKích thước\r\n\r\nDài 6.96mm - ngang 2.09 cm - dày 0.89 cm\r\nTrọng lượng\r\n\r\n12g',5,0,290000,61,7,39,20,45),(518,'Adapter Sạc Type C PD 20W Anker PowerPort III Nano A2633 Trắng','Model:\r\n\r\nA2633\r\nChức năng:\r\n\r\nSạc\r\nĐầu ra:\r\n\r\nType C: 5V - 3A, 9V - 2.22A\r\nDòng sạc tối đa:\r\n\r\n20 W\r\nKích thước:\r\n\r\nDài 4.6 cm - Ngang 2.7 cm- Cao 3 cm\r\nCông nghệ/Tiện ích:\r\n\r\nPower Delivery',5,0,400000,58,7,32,30,45),(519,'Xiaomi Redmi Note 10S','ông nghệ màn hình: AMOLED\r\nĐộ phân giải: Full HD+ (1080 x 2400 Pixels)\r\nĐộ phân giải: Chính 64 MP & Phụ 8 MP, 2 MP, 2 MP, 13 MP\r\nHệ điều hành: Android 11\r\nChip xử lý (CPU): MediaTek Helio G95 8 nhân\r\nBộ nhớ trong (ROM): 128 GB\r\nRAM: 8 GB\r\nDung lượng pin: 5000 mAh',5,0,4560000,46,5,12,0,12),(520,'realme C21y','Công nghệ màn hình: IPS LCD\r\nĐộ phân giải: HD+ (720 x 1600 Pixels)\r\nĐộ phân giải: Chính 13 MP & Phụ 2 MP, 2 MP, 5 MP\r\nHệ điều hành: Android 11\r\nChip xử lý (CPU): Spreadtrum T610 8 nhân\r\nBộ nhớ trong (ROM): 32 GB\r\nRAM: 3 GB\r\nDung lượng pin: 5000 mAh',5,2,3890000,46,5,40,5,12),(522,'Bphone A60','Công nghệ màn hình:: Thiết kế hiện đại màn hình lỗ\r\nĐộ phân giải:: FHD\r\nMàn hình rộng:: 6.67”\r\nĐộ phân giải: 4 Camera 16 MP + 2MP +5M +2MP, 8MP chụp góc rộng, tự làm đẹp...\r\nHệ điều hành: BOS - based on Android 11\r\nChip xử lý (CPU): Mediatek Helio G85, Antutu 205,950\r\nBộ nhớ trong (ROM): 128GB\r\nRAM: 6GB\r\nMạng di động: 4GB\r\nDung lượng pin: 5000mAh',5,200,5490000,46,5,41,0,12),(523,'Điện thoại Samsung Galaxy S22 Ultra 5G ','Màn hình:\r\n\r\nDynamic AMOLED 2X6.8\"Quad HD+ (2K+)\r\nHệ điều hành:\r\n\r\nAndroid 12\r\nCamera sau:\r\n\r\nChính 108 MP & Phụ 12 MP, 10 MP, 10 MP\r\nCamera trước:\r\n\r\n40 MP\r\nChip:\r\n\r\nSnapdragon 8 Gen 1\r\nRAM:\r\n\r\n8 GB\r\nBộ nhớ trong:\r\n\r\n128 GB\r\nSIM:\r\n\r\n2 Nano SIM hoặc 1 Nano SIM + 1 eSIMHỗ trợ 5G\r\nPin, Sạc:\r\n\r\n5000 mAh45 W',5,0,27900000,48,5,14,3,2),(524,'Điện thoại Samsung Galaxy Z Fold3 5G','Màn hình:\r\n\r\nDynamic AMOLED 2XChính 7.6\" & Phụ 6.2\"Full HD+\r\nHệ điều hành:\r\n\r\nAndroid 11\r\nCamera sau:\r\n\r\n3 camera 12 MP\r\nCamera trước:\r\n\r\n10 MP & 4 MP\r\nChip:\r\n\r\nSnapdragon 888\r\nRAM:\r\n\r\n12 GB\r\nBộ nhớ trong:\r\n\r\n512 GB\r\nSIM:\r\n\r\n2 Nano SIM + 1 eSIMHỗ trợ 5G\r\nPin, Sạc:\r\n\r\n4400 mAh25 W',5,0,35990000,48,5,14,3,4),(525,'Điện thoại OPPO Find X5 Pro 5G','Màn hình:\r\n\r\nAMOLED6.7\"Quad HD+ (2K+)\r\nHệ điều hành:\r\n\r\nAndroid 12\r\nCamera sau:\r\n\r\nChính 50 MP & Phụ 50 MP, 13 MP\r\nCamera trước:\r\n\r\n32 MP\r\nChip:\r\n\r\nSnapdragon 8 Gen 1\r\nRAM:\r\n\r\n12 GB\r\nBộ nhớ trong:\r\n\r\n256 GB\r\nSIM:\r\n\r\n2 Nano SIM hoặc 1 Nano SIM + 1 eSIMHỗ trợ 5G\r\nPin, Sạc:\r\n\r\n5000 mAh80 W',5,0,32990000,48,5,15,3,11),(526,'Điện thoại Xiaomi 12 Pro','Màn hình:\r\n\r\nAMOLED6.73\"Quad HD+ (2K+)\r\nHệ điều hành:\r\n\r\nAndroid 12\r\nCamera sau:\r\n\r\n3 camera 50 MP\r\nCamera trước:\r\n\r\n32 MP\r\nChip:\r\n\r\nSnapdragon 8 Gen 1\r\nRAM:\r\n\r\n12 GB\r\nBộ nhớ trong:\r\n\r\n256 GB\r\nSIM:\r\n\r\n2 Nano SIMHỗ trợ 5G\r\nPin, Sạc:\r\n\r\n4600 mAh120 W',5,0,27990000,48,5,12,3,11),(527,'Điện thoại Vivo X80 Pro','Màn hình:\r\n\r\nAMOLED6.78\"Quad HD+ (2K+)\r\nHệ điều hành:\r\n\r\nAndroid 12\r\nCamera sau:\r\n\r\nChính 50 MP & Phụ 48 MP, 12 MP, 8 MP\r\nCamera trước:\r\n\r\n32 MP\r\nChip:\r\n\r\nSnapdragon 8 Gen 1\r\nRAM:\r\n\r\n12 GB\r\nBộ nhớ trong:\r\n\r\n256 GB\r\nSIM:\r\n\r\n2 Nano SIMHỗ trợ 5G\r\nPin, Sạc:\r\n\r\n4700 mAh80 W',5,0,29900000,48,5,16,3,11),(528,'Điện thoại Samsung Galaxy S22+ 5G','Màn hình:\r\n\r\nDynamic AMOLED 2X6.6\"Full HD+\r\nHệ điều hành:\r\n\r\nAndroid 12\r\nCamera sau:\r\n\r\nChính 50 MP & Phụ 12 MP, 10 MP\r\nCamera trước:\r\n\r\n10 MP\r\nChip:\r\n\r\nSnapdragon 8 Gen 1\r\nRAM:\r\n\r\n8 GB\r\nBộ nhớ trong:\r\n\r\n256 GB\r\nSIM:\r\n\r\n2 Nano SIM hoặc 1 Nano SIM + 1 eSIMHỗ trợ 5G\r\nPin, Sạc:\r\n\r\n4500 mAh45 W',5,0,24450000,48,5,14,2,11),(529,'ASUS ROG Phone 5','Hệ điều hành: Android 11, ROG UI\r\nChipset: Snapdragon 888\r\nĐộ phân giải: 1080 x 2448 pixels\r\nMàn hình rộng: 6.78 inches\r\nCamera sau: 64 MP, 13MP và 5MP (3 camera)\r\nRAM: 12 GB\r\nBộ nhớ trong ( Rom): 256GB\r\nCamera trước: 24 MP, f/2.5, 27mm (wide)\r\nDung lượng pin: 6000 mAh',5,0,17990000,49,5,4,5,3),(530,'ZTE Nubia Red Magic 3S','Hệ điều hành: Android 9.0 (Pie); Redmagic 2.0\r\nChipset: Qualcomm SDM855 Snapdragon 855+ (7 nm)\r\nĐộ phân giải: 1080 x 2340 pixels\r\nMàn hình rộng: 6.65 inches\r\nCamera sau: 48 MP, f/1.7, 26mm (wide), 1/2.0\", 0.8µm, PDAF\r\nRAM: 8GB\r\nBộ nhớ trong ( Rom): 128GB\r\nCamera trước: 16 MP, f/2.0, 2.0µm\r\nDung lượng pin: 5000 mAh',5,0,12990000,49,5,42,2,3),(531,'Xiaomi Black Shark 5 Pro','Màn hình: OLED, 1 tỷ màu, 144Hz, HDR 10+, 6.67 inches, tỷ lệ 20:9, Full HD+ (1080 x 2400 pixels)\r\nHệ điều hành: Android 12, Joy UI 13\r\nCamera sau: 108 MP, f/1.8 (góc rộng) PDAF\r\n13 MP, 120˚ (goc siêu rộng)\r\n5 MP, f/2.4 (macro), AF\r\nQuay phim: 4K@30/60fps, 1080p@30/60/240fps, 1080p@960fps; HDR10+\r\nCamera trước: 16MP (góc rộng)\r\nQuay phim: 1080p@30fps\r\nRAM: 8-12 GB\r\nBộ nhớ trong: 128-256 GB\r\nDung lượng pin: Li-Po 4650 mAh, Sạc nhanh 120W',5,0,19900000,49,5,12,5,4),(532,'MSI GeForce RTX 3070 Ventus Plus 3X OC 8G (LHR)','Model	GeForce RTX™ 3070 VENTUS 3X PLUS 8G OC LHR\r\nGPU	NVIDIA GeForce RTX 3070\r\nGiao diện	PCI Express Gen 4\r\nCore Clocks	1755 MHz\r\nNhân CUDA	5888\r\nTốc độ bộ nhớ	14 Gbps\r\nBộ nhớ	8GB GDDR6\r\nBUS bộ nhớ	256-bit\r\nĐầu ra	DisplayPort x 3 (v1.4a)\r\nHDMI x 1 (Hỗ trợ 4K @ 120Hz như được chỉ định trong HDMI 2.1)\r\nHỗ trợ HDCP	Có\r\nĐiện năng tiêu thụ	220 W\r\nĐầu nối nguồn	8-pin x 2\r\nPSU đề xuất	650 W',5,0,17490000,38,4,9,2,5),(533,'ASUS ROG Strix GeForce RTX 3070 Gaming OC Edition 8GB V2','GPU	NVIDIA® RTX 3070™\r\nChuẩn giao tiếp	PCI Express 4.0 x16\r\nXung nhịp GPU	Chế độ OC: 1755 MHz\r\nChế độ Gaming: 1725 MHz\r\nTốc độ bộ nhớ	14 Gbps\r\nBộ nhớ	8GB GDDR6\r\nBus bộ nhớ	256-bit\r\nHDCP	2.3\r\n \r\n\r\nCổng xuất hình\r\n\r\nHDMI Output : Yes x 2 (Native) (HDMI 2.1)\r\nDisplay Port : Yes x 3 (Native) (DisplayPort 1.4a)\r\nHDCP Support : Yes (2.3)\r\nHỗ trợ NVlink/ Crossfire	Không\r\nCông suất nguồn yêu cầu	Từ 650W',5,0,17990000,38,4,4,2,6),(534,'Gigabyte AORUS GeForce RTX 3070 MASTER 8G (rev 2.0)','Graphics Processing	GeForce RTX™ 3070\r\nCore Clock	1‎845 MHz (Reference Card: 1725 MHz)\r\nCUDA® Cores	5‎888\r\nMemory Clock	1‎4000 MHz\r\nMemory Size	8‎ GB\r\nMemory Type	GDDR6\r\nMemory Bus	2‎56 bit\r\nMemory Bandwidth (GB/sec)	4‎48 GB/s\r\nCard Bus	PCI-E 4.0 x 16\r\nDigital max resolution	7‎680x4320',5,0,17990000,38,4,25,2,6),(535,'ASUS EKWB GeForce RTX 3070 8GB GDDR6','GPU\r\n\r\nNVIDIA® GeForce RTX™ 3070\r\n\r\nChuẩn giao tiếp\r\n\r\nPCI Express 4.0\r\n\r\nXung nhịp GPU\r\n\r\nChế độ OC: 1755 MHz\r\nChế độ Gaming: 1725 MHz\r\n\r\nTốc độ bộ nhớ\r\n\r\n14 Gbps\r\n\r\nBộ nhớ\r\n\r\n8GB GDDR6\r\n\r\nBus bộ nhớ\r\n\r\n256-bit\r\n\r\nNhân CUDA\r\n\r\n5888\r\n\r\n \r\n\r\nCổng xuất hình\r\n\r\nHDMI Output : Yes x 1 (Native) (HDMI 2.1)\r\n\r\nDisplay Port : Yes x 3 (Native) (DisplayPort 1.4a)\r\n\r\nHDCP Support : Yes (2.3)\r\n\r\nHỗ trợ NVlink/ Crossfire\r\n\r\nKhông\r\n\r\nCông suất nguồn yêu cầu\r\n\r\nTừ 750W',5,0,24990000,38,4,4,2,6),(536,'ASUS ROG Strix GeForce RTX 3070 White OC V2','Nhân đồ họa	NVIDIA® GeForce RTX™ 3070\r\nChuẩn BUS	PCI Express 4.0\r\nOpenGL	4.6\r\nBộ nhớ	8GB GDDR6\r\nXung nhịp nhân	Chế độ OC - 1935 MHz (Xung nhịp tăng cường)\r\nChế độ chơi game - 1905 MHz (Xung nhịp tăng cường)\r\nNhân CUDA	5888\r\nTốc độ bộ nhớ	14 Gbps\r\nGiao thức bộ nhớ	256-bit\r\nĐộ phân giải tối đa kỹ thuật số	7680 x 4320\r\nCổng xuất hình 	\r\nCó x 2 (Native HDMI 2.1)\r\n\r\nCó x 3 (Native DisplayPort 1.4a)\r\n\r\nHỗ trợ HDCP Có (2.3)',5,0,25590000,38,4,4,15,4),(537,'MSI GeForce RTX 3070 SUPRIM X 8G (LHR)','GPU	GeForce RTX 3070\r\nBộ nhớ	8GB GDDR6\r\nGPU clock	Extreme Performance: 1920 MHz (Dragon Center)\r\nBoost: 1905 MHz (GAMING & SILENT Mode)\r\nChuẩn Bus	PCI Express® Gen 4\r\nSố lượng đơn vị xử lý	5888 Units\r\n \r\n\r\nCổng kết nối	\r\nDisplayPort x 3 (v1.4a) / HDMI 2.1 x 1\r\n\r\nTản nhiệt	23 fan\r\nĐèn LED	RGB\r\nNguồn tối thiểu	750 W',5,0,19900000,38,4,9,2,4),(538,'Intel Core i5 12600KF','CPU	Intel® Core® i5-12600KF (Alder Lake)\r\nSố nhân	10\r\nSố luồng	16\r\nTốc độ xử lý	3.70 GHz\r\nTốc độ xử lý tối đa	4.90 GHz\r\nĐiện năng tiêu thụ	125 W\r\nCông nghệ CPU	Alder Lake\r\nBộ nhớ đệm	20MB Intel® Smart Cache\r\nBộ nhớ hỗ trợ tối đa	128GB\r\nLoại bộ nhớ	DDR4 / DDR5',5,0,6990000,39,4,35,5,4),(539,'Intel Core i7 12700F','Model	Bộ vi xử lý Intel Core i7 gen 12th\r\nSố hiệu xử lí	i7 12700F\r\nSố nhân	12\r\nSố luồng	20\r\nTần số turbo tối đa	4,90 GHz\r\nTần số turbo tối đa của lõi hiệu suất	4,80 GHz\r\nTần số turbo tối đa lõi hiệu quả	3,60 GHz\r\nTần số cơ bản của lõi hiệu suất	2,10 GHz\r\nTần số cơ bản lõi hiệu quả	1,60 GHz\r\nCache	25 MB Intel Smart Cache\r\nTotal L2 cache	12 MB\r\nCông suất cơ bản	65 W\r\nCông suất tối đa	180 W\r\nDung lượng	128 GB',5,0,8390000,39,4,35,3,4),(540,'Intel Core i7 12700K ','CPU	Intel® Core® i7-12700K (Alder Lake)\r\nSố nhân	12\r\nSố luồng	20\r\nTốc độ xử lý	3.6 GHz\r\nTốc độ xử lý tối đa	5.0 GHz\r\nĐiện năng tiêu thụ	125 W\r\nCông nghệ CPU	Alder Lake\r\nBộ nhớ đệm	25MB Intel® Smart Cache\r\nBộ nhớ hỗ trợ tối đa	128GB\r\nLoại bộ nhớ	DDR5\r\nNhân đồ họa	Intel® UHD Graphics 770',5,0,10590000,39,4,35,5,5),(541,'Intel Core i9 12900 ','CPU	Intel® Core™ i9-12900 (Alder Lake)\r\nSố nhân	16 (8 E-core + 8 P-core)\r\nSố luồng	24\r\nTốc độ xử lý	2.4 GHz\r\nTốc độ xử lý tối đa	5.1 GHz\r\nĐiện năng tiêu thụ	65 W - 202W\r\nCông nghệ CPU	Alder Lake\r\nBộ nhớ đệm	30MB Intel® Smart Cache\r\nBộ nhớ hỗ trợ tối đa	128GB\r\nLoại bộ nhớ	DDR4 / DDR5\r\nNhân đồ họa	Đồ họa UHD Intel® 770 ',5,0,12990000,39,4,35,5,6),(542,'Intel Core i9 12900K','CPU	Intel® Core® i9-12900K (Alder Lake)\r\nSố nhân	16\r\nSố luồng	24\r\nTốc độ xử lý	3.2 GHz\r\nTốc độ xử lý tối đa	5.2 GHz\r\nĐiện năng tiêu thụ	125 W - 241 W\r\nCông nghệ CPU	Alder Lake\r\nBộ nhớ đệm	30MB Intel® Smart Cache\r\nBộ nhớ hỗ trợ tối đa	128GB\r\nLoại bộ nhớ	DDR4 / DDR5\r\nNhân đồ họa	Intel® UHD Graphics 770',5,0,14990000,39,4,35,6,6),(543,'Intel Core i9 12900KS','CPU	Intel® Core® i9-12900KS (Alder Lake)\r\nSố nhân	16 (8 Performance-cores + 8 Efficient-cores)\r\nSố luồng	24\r\nTốc độ xử lý	3.4GHz\r\nTốc độ xử lý tối đa	5.5GHz\r\nĐiện năng tiêu thụ	150W (Turbo max: 241W)\r\nCông nghệ CPU	Alder Lake\r\nBộ nhớ đệm	30MB Intel® Smart Cache\r\nBộ nhớ hỗ trợ tối đa	128GB\r\nLoại bộ nhớ	DDR5, DDR4\r\nNhân đồ họa	Intel® UHD Graphics 770',5,0,19990000,39,4,35,5,6),(544,' Ram T-Group T-Force Delta 1x8GB 3200 RGB White (TF4D48G3200HC16C01)','Loại RAM: DDR4\r\nDung lượng: 8GB \r\nSố lượng: 1 thanh\r\nBus: 3200MHz\r\nBảo hành: 60 tháng\r\nMã sản phẩm: TF4D48G3200HC16C01',5,0,990000,40,4,43,0,4),(545,'Ram T-Group T-Force Delta 1x8GB 3200 RGB Black (TF3D48G3200HC16F01)','Loại RAM: DDR4\r\nDung lượng: 8GB \r\nSố lượng: 1 thanh\r\nBus: 3200MHz\r\nBảo hành: 60 tháng\r\nMã sản phẩm: TF3D48G3200HC16F01',5,0,990000,40,4,43,0,4),(546,'Ram PNY XLR8 1x8GB 3200 RGB White','Model:	XLR8 Gaming RGB  \r\nLED:	RGB\r\nLoại RAM	DDR4\r\nBộ nhớ:	8GB (1x8GB)\r\nBus:	3200MHz\r\nĐộ trễ:	16-18-18\r\nĐiện áp:	1.35V\r\nHỗ trợ tản nhiệt:	Có',5,0,990000,40,4,44,0,6),(547,'Ram PNY XLR8 1x8GB 3200 RGB','Series	PNY XLR8 GAMING\r\nLoại RAM:	DDR4\r\nDung lượng:	1x8GB\r\nChuẩn Bus:	3200MHz\r\nĐộ trễ:	16-18-18\r\nNguồn điện:	1.2V\r\nCông nghệ Ram:	Non-ECC\r\nHỗ trợ XMP:	Có\r\nKích thước:	147 x 9 x 50mm\r\nLED:	RGB',5,0,990000,40,4,44,0,6),(548,'Ram Corsair Vengeance RS RGB 1x8GB 3200 (CMG8GX4M1E3200C16)','Nhà sản xuất: Corsair\r\nMã sản phẩm: CMG8GX4M1E3200C16\r\nTình trạng: Mới 100%\r\nBảo hành: 36 tháng',5,0,1190000,40,4,19,0,6),(549,'Ram PNY XLR8 1x16GB 3200 RGB (MD32GK2D4320016XRGB)','Thương hiệu: PNY\r\nBảo hành: 36 tháng\r\nMàu sắc: Đen',5,0,1990000,40,4,44,5,6),(550,'Ram G.Skill Trident Z Neo 1x8GB 3600 cas16 CL16-16-16-36 (F4-3600C16D-16GTZN)','Loại RAM: DDR4\r\n- Dung lượng: 8GB \r\n- Số lượng: 1 thanh 8GB\r\n- Bus: 3600MHz\r\n- Tản nhiệt: Có\r\n- Màu: Gold  - Led RGB',5,0,2290000,40,4,45,5,6),(551,'Tản nước AIO DeepCool Gammaxx L240 A-RGB','Kích thước bộ tản nhiệt	282 × 120 × 27 mm\r\nKhối lượng tịnh	1330 g\r\nVật liệu tản nhiệt	Nhôm\r\nChiều dài ống	380 mm\r\nKích thước bơm	91 × ​​79 × 47 mm\r\nTốc độ bơm	2400 vòng / phút ± 10%\r\nTiếng ồn máy bơm	17,8 dB (A)\r\nĐầu nối bơm	 3 chân\r\nĐiện áp định mức bơm	12 VDC\r\nTiêu thụ điện bơm	 2,4 W',5,0,1590000,41,4,46,5,7),(552,'Tản nhiệt Cooler Master MASTERLIQUID ML240L V2 ARGB','KÍCH THƯỚC KÉT NƯỚC	240\r\nCPU SOCKET:	LGA2066, LGA2011-v3, LGA2011, LGA1700, LGA1200, LGA1151, LGA1150, LGA1155, LGA1156, AM4, AM3+, AM3, AM2+, AM2, FM2+, FM2, FM1\r\nVẬT LIỆU TẢN NHIỆT:	Nhôm\r\nKÍCH THƯỚC BỘ TẢN NHIỆT:	277 x 119.6 x 27.2 mm / 10.9 x 4.7 x 1.1 inch\r\nKÍCH THƯỚC BƠM:	79.9 x 76 x 47.1 mm / 3.1 x 3 x 1.9 inch\r\nTUỔI THỌ BƠM:	70,000 Giờ\r\nĐỘ ỒN CỦA BƠM:	< 15 dBA\r\nĐẦU KẾT NỐI:	3-Pin\r\nĐIỆN ÁP ĐỊNH MỨC BƠM:	12 VDC\r\nCÔNG SUẤT TIÊU THỤ:	2.36W (LED 2.21W)',5,0,1990000,41,4,47,5,7),(553,'Tản nhiệt Cooler Master MASTERLIQUID ML240L V2 ARGB White Edition','KÍCH THƯỚC KÉT NƯỚC	240\r\nCPU SOCKET:	LGA1700, LGA2066, LGA2011-v3, LGA2011, LGA1200, LGA1151, LGA1150, LGA1155, LGA1156, AM4, AM3+, AM3, AM2+, AM2, FM2+, FM2, FM1\r\nVẬT LIỆU TẢN NHIỆT:	Nhôm\r\nKÍCH THƯỚC BỘ TẢN NHIỆT:	277 x 119.6 x 27.2 mm / 10.9 x 4.7 x 1.1 inch\r\nKÍCH THƯỚC BƠM:	79.9 x 76 x 47.1 mm / 3.1 x 3 x 1.9 inch\r\nTUỔI THỌ BƠM:	70,000 Giờ\r\nĐỘ ỒN CỦA BƠM:	< 15 dBA\r\nĐẦU KẾT NỐI:	3-Pin\r\nĐIỆN ÁP ĐỊNH MỨC BƠM:	12 VDC\r\nCÔNG SUẤT TIÊU THỤ:	2.36W (LED 2.21W)',5,0,2090000,41,4,47,0,7),(554,'SSD Kingston KC3000 512GB M.2 PCIe gen 4 NVMe','Chuẩn kết nối	NVMe PCIe 4.0\r\nDung lượng	512GB\r\nBộ điều khiển	Phison E18\r\nNAND	3D TLC\r\nTốc độ đọc ghi tuần tự	7.000/3.900MB/giây\r\nTốc độ đọc ghi 4K	Lên đến 450.000/900.000 IOPS\r\nTBW	400TBW\r\nĐiện năng tiêu thụ	Nghỉ 5W / Trung bình 0,34mW / Đọc 2,7W (TỐI ĐA) / Ghi 4,1W (TỐI ĐA)',5,0,3290000,42,4,48,0,7),(555,'SSD SamSung 980 PRO 250GB M.2 PCIe gen 4 NVMe (MZ-V8P250BW)','Chuẩn giao tiếp	PCIe Gen4.0 x4, NVMe1.3c\r\nKích thước	M.2 2280\r\nDung lượng	250 GB\r\nRandom 4k	600.000 IOPS\r\nTốc độ đọc	6400 MB/s\r\nTốc độ ghi	2700 MB/s\r\nNAND Flash	Samsung V-NAND 3-bit TLC\r\nTBW	150 TB',5,0,2090000,42,4,14,0,15),(556,'SSD SamSung 980 PRO 500GB M.2 PCIe gen 4 NVMe (MZ-V8P500BW)','Chuẩn giao tiếp	PCIe Gen4.0 x4, NVMe1.3c\r\nKích thước	M.2 2280\r\nDung lượng	500 GB\r\nRandom 4k	1000.000 IOPS\r\nTốc độ đọc	6900 MB/s\r\nTốc độ ghi	5000 MB/s\r\nNAND Flash	Samsung V-NAND 3-bit TLC\r\nTBW	300 TB',5,0,3490000,42,4,14,5,15),(557,'Nguồn máy tính GIGABYTE UD1000GM 80 Plus Gold','Type	Intel Form Factor ATX 12V v2.31\r\nPFC	PFC hoạt động (> 0.9 typical)\r\nĐiện áp đầu vào	100-240 Vac (full range)\r\nĐầu vào hiện tại	15 - 6.5A\r\nTần số đầu vào	60-50 Hz\r\nCông suất	1000W\r\nKích thước	150 x 140 x 86 mm\r\nQuạt	1 x 120mm (HYB)\r\n80 PLUS	Gold\r\nHiệu quả	90% at typical load',5,0,4390000,43,4,25,5,12),(558,'Nguồn ASUS ROG STRIX 1000W - 80 Plus Gold - Full Modular','Thông số kỹ thuật của Intel	ATX 12V\r\nKích thước nguồn	16 x 15 x 8.6 cm\r\nHiệu suất	80 Plus Gold\r\nQuạt làm mát	135 mm\r\nChứng nhận bảo vệ	OPP / OVP / SCP / OCP / OTP\r\nVật liệu nguy hiểm	ROHS\r\nNguồn đầu vào	100-240Vac\r\nTính năng nhiệt	ROG Thermal Solution\r\nTải tối đa	25A 25A 83A 0.3A 3A\r\nCông suất tối đa	1000W',5,0,5900000,43,4,4,5,22),(559,'Nguồn CoolerMaster V1000 - 80 Plus Platinum - Full Modular','Nhà sản xuất : CoolerMaster\r\nTình trạng : New 100%\r\nBảo hành : 120 tháng',5,0,6290000,43,4,47,5,22),(560,'Case Cooler Master NR400 WITHOUT ODD','Mẫu case	Case Cooler Master NR400 WITHOUT ODD - MCB-NR400-KGNN-S00\r\nMàu sắc	Đen\r\nVật liệu	Thép , nhựa cao cấp, mặt bên kính cường lực\r\nKích cỡ 	411 (L) x 210 (W) x 411 (H) mm ( Dài x Rộng x Cao )\r\nHỗ trợ Mainboard	Micro ATX , mini ITX\r\nKhe mở rộng	4\r\nKhoang ổ cứng 3.5\"	3\r\nKhoang ổ cứng 2.5\"	4\r\nBảng điều khiển I/O 	2x USB 3.0, 1x 3.5mm jack  tai nghe (Audio+Mic)',5,0,1350000,44,4,47,0,11),(561,'Case Deepcool CG540 4F Tempered Glass (3 fan ARGB)','Chất liệu\r\n\r\nABS+SPCC+Kính cường lực\r\n\r\nChuẩn bo mạch chủ hổ trợ\r\n\r\nMini-ITX / Micro-ATX / ATX / E-ATX\r\n\r\nCổng I/O phía trước\r\n\r\nUSB 3.0 × 2\r\n\r\nAudio × 1\r\n\r\nKhay ổ cứng 3.5\" \r\n\r\n2\r\n\r\nKhay ổ cứng 2.5\" \r\n\r\n2 + 1\r\n\r\nKhe mở rộng\r\n\r\n7 khe\r\n\r\nQuạt được lắp sẵn\r\n\r\nTrước: 3 × 120mm\r\n\r\nSau: 1 × 140mm',5,0,1590000,44,4,46,0,33),(562,'Case Corsiar 275R Airflow Black','Case Dimensions	457mm x 216mm x 455mm\r\nMaximum GPU Length	370mm\r\nMaximum PSU Length	180mm\r\nMaximum CPU Cooler Height	170mm\r\nCase Expansion Slots	7+2 vertical\r\nCase Drive Bays	(x2) 3.5in (x4) 2.5in\r\nCase Form Factor	Mid-Tower\r\nCase Windowed	Tempered Glass',5,0,1890000,44,4,19,0,11),(563,'Bàn phím Logitech G PRO Mechanical Gaming Keyboard','Thương hiệu:	Logitech\r\nKiểu bàn phím:	TKL (87 phím)\r\nLoại bàn phím:	Bàn phím cơ\r\nChất liệu vỏ:	Nhựa\r\nMàu sắc:	Đen\r\nKeycap:	ABS\r\nSwitch:	Logitech GX Switch Blue\r\nLED:	\r\nRGB LightSync\r\n\r\nKết nối:	Dây cáp rời\r\nLoại dây:	USB 2.0 Type-A\r\nKích thước:	Dài 361 x Rộng 153 x Cao 34',5,0,2590000,56,7,18,5,22),(564,'Bàn phím Logitech G Pro League Of Legends','Khoảng cách hành trình	2,0 mm\r\nTổng khoảng cách hành trình	3,7 mm\r\nLực nhấn	50g\r\nYêu cầu kết nối	\r\nCổng USB\r\nWindows 7 trở lên, macOS 10.11 trở lên\r\nKhả năng truy cập Internet để tải về phần mềm G HUB của Logitech\r\nKích thước	\r\nChiều cao: 34 mm\r\nChiều rộng: 361 mm\r\nChiều dày: 153 mm\r\nSwitch	GX Switch Tactile\r\nLED	RGB',5,0,2490000,56,7,18,5,11),(565,'Bàn phím Logitech G913 TKL Lightspeed Wireless','Switch	GL (Clicky / Tactile / Linear)\r\nLực nhấn	50g\r\nKhoảng cách hành trình	1.5mm\r\nTổng khoảng cách hành trình	2.7mm\r\nKết nối	Wireless / Bluetooth\r\nPin	40h (độ sáng led 100%)\r\nLED	Lightsync RGB\r\nSố lượng phím	87 phím + 9 phím chức năng\r\nKích thước	Dài 368 x Rộng 150 x Cao 22\r\nTrọng lượng	810g',5,0,4390000,56,7,18,5,11),(566,'Bàn phím Razer Blackwidow V3 Tenkeyless','Kích thước bàn phím	Tenkeyless 87 phím\r\nMàu	Đen\r\nKiểu ký tự	Mặt trên\r\nKý tự	Laser\r\nLoại switch	Razer Green switch/ Razer Yellow Switch\r\nLED	RGB RAZER CHROMA\r\nKết nối	Cáp liền\r\nTuổi thọ	Lên đến 80 triệu lần bấm\r\nĐộ trễ	1ms\r\nPhím Multimedia	Có\r\nTính năng	Razer Synapse',5,0,2390000,56,7,21,0,22),(567,'Bàn phím Corsair K55 RGB Pro','Màu sắc:	Đen\r\nKết nối:	Có dây\r\nKiểu dáng:	120 phím\r\nSize:	Full size\r\nĐèn led:	LED RGB 5 vùng\r\nSwitch:	\r\nRubber Dome Memberance ( Cao su cao cấp )\r\n\r\nKích thước:	510.5 x 251 x 48.2 mm\r\nTrọng lượng:	1.19 kg\r\nChất liệu	Nhựa cao cấp',5,0,1090000,56,7,19,0,11),(568,'Bàn phím Vortex 8700 MultiX Summer','Kết nối	Có dây, USB-C\r\nMacro	Tích hợp\r\nKiểu bàn phím	TKL 87 phím\r\nĐèn led	Không hỗ trợ\r\nLayout	ANSI\r\nSwitch	Gateron G Pro (Brown / Yellow / Silver)\r\nKeycaps	Cherry Profile PBT Double Shot\r\nKích thước	35,5 x 13,5 x 3,5 cm\r\nTrọng lượng	1220g\r\nHỗ trợ	\r\nHot-Swap PCB ( Hỗ trợ 3 Pin và 5 Pin)\r\nN-Key Rollover',5,0,2690000,56,7,24,5,13),(569,'Cáp Type C to Lightning Anker Powerline 3 A8832 0.9m','Hỗ trợ sạc nhanh cho iPhone khi sử dụng cùng với củ sạc USB-C Power Delivery 18W\r\nĐộ bền cao với thân cáp chịu được uốn cong hơn 25000 lần\r\nĐạt chứng nhận Apple MFi được Apple cho phép',5,0,340000,58,7,32,10,11),(570,'Đế sạc không dây MagSafe Aukey LC-A1 15W Qi','Đế sạc không dây MagSafe Aukey LC-A1 15W Qi',5,0,390000,58,7,33,10,13),(571,'Cáp sạc USB-C sang Lightning Aukey CB-CL3 MFI 0.9m','Cáp 1 đầu Lightning, 1 đầu Type C tương thích với nhiều thiết bị\r\nChiều dài dây 0.9 m kết nối sử dụng thuận tiện ở nhiều vị trí\r\nTương thích với các sản phẩm iPhone/iPad/iPod với chứng chỉ MFI của Apple',5,0,250000,58,7,33,0,14),(572,'Củ sạc nhanh ZMI HA716 Type C 20W PD','Tương thích công nghệ sạc nhanh Power Dilivery 3.0 và Quick Charge 3.0 cung cấp sác sạc nhanh có mọi thiết bị\r\nTrang bị cổng sạc Type C công suất lên tới 20W',5,0,200000,58,7,12,15,14),(573,'Pin sạc dự phòng Xiaomi Redmi 20000mAh sạc nhanh 18W','Sạc nhanh 18W thì pin sạc dự phòng Xiaomi Redmi 20000mAh sạc nhanh 18W là một lựa chọn hợp lý và hấp dẫn.',5,0,450000,60,7,12,5,14),(574,'Pin dự phòng Apple Magsafe MJWY3','Chính hãng Apple Việt Nam',5,0,2290000,60,7,3,5,14),(575,'Chuột Asus TUF Gaming M3','Nhà sản xuất : ASUS\r\n\r\nTình trạng : Fullbox-100%\r\n\r\nBảo hành : 24 tháng ',5,0,440000,55,7,4,10,16),(576,'Laptop HP 15s fq5077TU','CPU:\r\n\r\ni71255U1.7GHz\r\nRAM:\r\n\r\n8 GBDDR4 2 khe (1 khe 4GB + 1 khe 4GB)3200 MHz\r\nỔ cứng:\r\n\r\n512 GB SSD NVMe PCIe\r\nMàn hình:\r\n\r\n15.6\"Full HD (1920 x 1080)\r\nCard màn hình:\r\n\r\nCard tích hợpIntel Iris Xe\r\nCổng kết nối:\r\n\r\n2 x USB 3.2HDMIJack tai nghe 3.5 mmUSB Type-C',5,0,19900000,1,2,7,5,4),(577,'Laptop Lenovo ThinkBook 14p G2 ACH','CPU:\r\n\r\nRyzen 55600H3.3GHz\r\nRAM:\r\n\r\n16 GBDDR4 (On board)3200 MHz\r\nỔ cứng:\r\n\r\n512 GB SSD NVMe PCIe (Có thể tháo ra, lắp thanh khác tối đa 1TB)\r\nMàn hình:\r\n\r\n14\"2.2K (2240x1400)\r\nCard màn hình:\r\n\r\nCard tích hợpRadeon\r\nCổng kết nối:\r\n\r\n1 x USB 3.21 x USB 3.2 (Always on)2 x USB Type-CHDMIJack tai nghe 3.5 mm',5,0,19900000,1,2,6,0,5),(578,'Laptop Asus Zenbook 14 OLED UX3402ZA','CPU:\r\n\r\ni51240P1.7GHz\r\nRAM:\r\n\r\n8 GBLPDDR5 (Onboard)4800 MHz\r\nỔ cứng:\r\n\r\n512 GB SSD NVMe PCIe\r\nMàn hình:\r\n\r\n14\"2.8K (2880 x 1800) - 16:1090Hz\r\nCard màn hình:\r\n\r\nCard tích hợpIntel Iris Xe\r\nCổng kết nối:\r\n\r\n1 x USB 3.22x Thunderbolt 4 (support data transfer, Power Delivery 3.0 and DisplayPort 1.4)HDMIJack tai nghe 3.5 mm',5,0,24590000,1,2,4,5,6),(579,'Laptop Lenovo Gaming Legion 5','CPU:\r\n\r\ni711800H2.30 GHz\r\nRAM:\r\n\r\n16 GBDDR4 2 khe (1 khe 8GB + 1 khe 8GB)3200 MHz\r\nỔ cứng:\r\n\r\n512 GB SSD NVMe PCIe (Có thể tháo ra, lắp thanh khác tối đa 1TB (2280) / 512GB (2242))Hỗ trợ thêm 1 khe cắm SSD M.2 PCIe mở rộng\r\nMàn hình:\r\n\r\n15.6\"Full HD (1920 x 1080)165Hz\r\nCard màn hình:\r\n\r\nCard rờiRTX 3050Ti 4GB',5,0,33990000,2,2,6,5,7),(580,'Laptop Acer Nitro 5 Tiger AN515 58 52SP','CPU:\r\n\r\ni512500H2.5GHz\r\nRAM:\r\n\r\n8 GBDDR4 2 khe (1 khe 8GB + 1 khe rời)3200 MHz\r\nỔ cứng:\r\n\r\n512 GB SSD NVMe PCIe (Có thể tháo ra, lắp thanh khác tối đa 1TB)Hỗ trợ thêm 1 khe cắm HDD SATA (nâng cấp tối đa 1TB)Hỗ trợ thêm 1 khe cắm SSD M.2 PCIe mở rộng (nâng cấp tối đa 1TB)\r\nMàn hình:\r\n\r\n15.6\"Full HD (1920 x 1080)144Hz\r\nCard màn hình:\r\n\r\nCard rờiRTX 3050 4GB',5,0,23990000,2,2,5,5,5),(581,'Laptop Apple MacBook Air M2 2022','CPU:\r\n\r\nApple M2100GB/s memory bandwidth\r\nRAM:\r\n\r\n8 GB\r\nỔ cứng:\r\n\r\n256 GB SSD\r\nMàn hình:\r\n\r\n13.6\"Liquid Retina (2560 x 1664)\r\nCard màn hình:\r\n\r\nCard tích hợp8 nhân GPU\r\nCổng kết nối:\r\n\r\n2 x Thunderbolt 3Jack tai nghe 3.5 mmMagSafe 3\r\nĐặc biệt:\r\n\r\nCó đèn bàn phím\r\nHệ điều hành:\r\n\r\nMac OS\r\nThiết kế:\r\n\r\nVỏ kim loại',5,0,32990000,4,2,3,3,4),(582,'Laptop Apple MacBook Pro 16 M1 Pro 2021','CPU:\r\n\r\nApple M1 Pro200GB/s\r\nRAM:\r\n\r\n16 GB\r\nỔ cứng:\r\n\r\n512 GB SSD\r\nMàn hình:\r\n\r\n16.2\"Liquid Retina XDR display (3456 x 2234)120Hz\r\nCard màn hình:\r\n\r\nCard tích hợp16 core-GPU\r\nCổng kết nối:\r\n\r\n3 x Thunderbolt 4 USB-CHDMIJack tai nghe 3.5 mm\r\nĐặc biệt:\r\n\r\nCó đèn bàn phím\r\nHệ điều hành:\r\n\r\nMac OS\r\nThiết kế:\r\n\r\nVỏ kim loại nguyên khối',5,0,62990000,4,2,3,5,4),(583,'Laptop Apple MacBook Pro M2 2022','CPU:\r\n\r\nApple M2100GB/s memory bandwidth\r\nRAM:\r\n\r\n8 GB\r\nỔ cứng:\r\n\r\n256 GB SSD\r\nMàn hình:\r\n\r\n13.3\"Retina (2560 x 1600)\r\nCard màn hình:\r\n\r\nCard tích hợp10 nhân GPU\r\nCổng kết nối:\r\n\r\n2 x Thunderbolt 3Jack tai nghe 3.5 mm\r\nĐặc biệt:\r\n\r\nCó đèn bàn phím',5,0,34990000,4,2,3,5,4),(584,'Điện thoại iPhone 11 64GB','Màn hình:\r\n\r\nIPS LCD6.1\"Liquid Retina\r\nHệ điều hành:\r\n\r\niOS 15\r\nCamera sau:\r\n\r\n2 camera 12 MP\r\nCamera trước:\r\n\r\n12 MP\r\nChip:\r\n\r\nApple A13 Bionic\r\nRAM:\r\n\r\n4 GB\r\nBộ nhớ trong:\r\n\r\n64 GB\r\nSIM:\r\n\r\n1 Nano SIM & 1 eSIMHỗ trợ 4G\r\nPin, Sạc:\r\n\r\n3110 mAh18 W',5,0,11690000,45,5,3,10,15),(585,'Điện thoại Apple iPhone 13 Mini','Công nghệ màn hình:: OLED\r\nĐộ phân giải:: Full HD+ (1080 x 2340 Pixels)\r\nĐộ phân giải: 2 camera 12 MP, 12 MP\r\nHệ điều hành: iOS 15\r\nChip xử lý (CPU): Apple A15 Bionic 6 nhân\r\nBộ nhớ trong (ROM): 256 GB\r\nRAM: 4 GB\r\nMạng di động: Hỗ trợ 5G\r\nSố khe sim: 1 Nano SIM & 1 eSIM',5,0,20590000,45,5,3,5,11),(586,'Điện thoại Apple iPhone 13 Pro','Công nghệ màn hình:: OLED\r\nĐộ phân giải:: 1170 x 2532 Pixels\r\nĐộ phân giải: 3 camera 12 MP, 12 MP\r\nHệ điều hành: iOS 15\r\nChip xử lý (CPU): Apple A15 Bionic 6 nhân\r\nBộ nhớ trong (ROM): 128 GB\r\nRAM: 6 GB\r\nMạng di động: Hỗ trợ 5G\r\nSố khe sim: 1 Nano SIM & 1 eSIM',5,0,24590000,45,5,3,5,15),(587,'Tai nghe SONY MDR-XB550AP','Tai nghe tăng cường âm bass MDR-XB550ap dòng sản phẩm tai nghe tuyệt vời dành cho bạn với chất lượng âm thanh cực đỉnh, đem đến cho bạn những trải nghiệm tuyệt vời.',5,0,1190000,54,7,30,5,33),(588,'Tai nghe Bluetooth AKG Y100BT','Kết nối với 2 thiết bị cùng lúc với công nghệ Multipoint, Tích hợp công nghệ Ambient Aware External Noise Control giúp bạn dễ dàng nghe được âm thanh bên ngoài, Tích hợp micro và 3 nút điều khiển trên tai nghe',5,0,1090000,54,7,49,0,21),(589,'Tai nghe Apple AirPods 2','Case sạc thường chính hãng VN/A (MV7N2VN/A)',5,0,3590000,54,7,3,20,14);
/*!40000 ALTER TABLE `product` ENABLE KEYS */;
UNLOCK TABLES;

--
-- Table structure for table `transport`
--

DROP TABLE IF EXISTS `transport`;
/*!40101 SET @saved_cs_client     = @@character_set_client */;
/*!50503 SET character_set_client = utf8mb4 */;
CREATE TABLE `transport` (
  `id` int NOT NULL AUTO_INCREMENT,
  `name` varchar(100) DEFAULT NULL,
  `price` float DEFAULT NULL,
  PRIMARY KEY (`id`)
) ENGINE=InnoDB AUTO_INCREMENT=7 DEFAULT CHARSET=utf8mb3;
/*!40101 SET character_set_client = @saved_cs_client */;

--
-- Dumping data for table `transport`
--

LOCK TABLES `transport` WRITE;
/*!40000 ALTER TABLE `transport` DISABLE KEYS */;
INSERT INTO `transport` VALUES (1,'Viettel Post',30000),(2,'VNpost',35000),(3,'Giao hàng nhanh',35000),(4,'Giao hàng tiết kiệm',25000),(5,'Sship',20000),(6,'AhaMove',30000);
/*!40000 ALTER TABLE `transport` ENABLE KEYS */;
UNLOCK TABLES;

--
-- Table structure for table `user`
--

DROP TABLE IF EXISTS `user`;
/*!40101 SET @saved_cs_client     = @@character_set_client */;
/*!50503 SET character_set_client = utf8mb4 */;
CREATE TABLE `user` (
  `id` int NOT NULL AUTO_INCREMENT,
  `username` varchar(50) NOT NULL,
  `password` varchar(50) NOT NULL,
  `email` varchar(50) NOT NULL,
  `fullname` varchar(100) NOT NULL,
  `role` int DEFAULT '0',
  `avatar` varchar(300) DEFAULT 'https://images.pexels.com/photos/8937407/pexels-photo-8937407.jpeg?auto=compress&cs=tinysrgb&dpr=3&h=750&w=1260',
  `total` float DEFAULT '0',
  `phone` varchar(20) DEFAULT 'Enter your phone',
  PRIMARY KEY (`id`)
) ENGINE=InnoDB AUTO_INCREMENT=91 DEFAULT CHARSET=utf8mb3;
/*!40101 SET character_set_client = @saved_cs_client */;

--
-- Dumping data for table `user`
--

LOCK TABLES `user` WRITE;
/*!40000 ALTER TABLE `user` DISABLE KEYS */;
INSERT INTO `user` VALUES (7,'boboyso','123456','admin@gmail.com','Đức Độ',1,'https://i.pinimg.com/originals/4e/44/37/4e4437f8935e5087652dc2f5eec60ffb.png',0,'Enter your phone'),(12,'Admin','Admin','admin@gmail.com','Admin',0,' https://i.pinimg.com/originals/4e/44/37/4e4437f8935e5087652dc2f5eec60ffb.png',0,'Enter your phone'),(85,'duc','ZHVjMTIz','duc@gmail.com','Duc',1,'https://images.pexels.com/photos/8937407/pexels-photo-8937407.jpeg?auto=compress&cs=tinysrgb&dpr=3&h=750&w=1260',0,'Enter your phone'),(86,'khiem2412','a2hpZW0yNDEy','khiemnxde150230@fpt.edu.vn','Nguyen Xuan Khiem',1,'https://images.pexels.com/photos/8937407/pexels-photo-8937407.jpeg?auto=compress&cs=tinysrgb&dpr=3&h=750&w=1260',0,'Enter your phone'),(87,'dongngu','ZG9uZ25ndQ==','dongpdde150247@fpt.edu.vn','Phan Duy Dong ',0,'https://th.bing.com/th/id/R.a8f52efbaae8237a6d63ec145cdbb989?rik=1n1AH%2feV4wu6zQ&pid=ImgRaw&r=0',0,'123456789'),(88,'quanh','MTIzNDU2','Anhtnqde150349@fpt.edu.vn','Tran Ngoc Quyen Anh',0,'https://images.pexels.com/photos/8937407/pexels-photo-8937407.jpeg?auto=compress&cs=tinysrgb&dpr=3&h=750&w=1260',0,'Enter your phone'),(90,'docute','MDMwMTE5OTU=','docute@gmail.com','Duc Do',1,'https://images.pexels.com/photos/8937407/pexels-photo-8937407.jpeg?auto=compress&cs=tinysrgb&dpr=3&h=750&w=1260',0,'Enter your phone');
/*!40000 ALTER TABLE `user` ENABLE KEYS */;
UNLOCK TABLES;
/*!40103 SET TIME_ZONE=@OLD_TIME_ZONE */;

/*!40101 SET SQL_MODE=@OLD_SQL_MODE */;
/*!40014 SET FOREIGN_KEY_CHECKS=@OLD_FOREIGN_KEY_CHECKS */;
/*!40014 SET UNIQUE_CHECKS=@OLD_UNIQUE_CHECKS */;
/*!40101 SET CHARACTER_SET_CLIENT=@OLD_CHARACTER_SET_CLIENT */;
/*!40101 SET CHARACTER_SET_RESULTS=@OLD_CHARACTER_SET_RESULTS */;
/*!40101 SET COLLATION_CONNECTION=@OLD_COLLATION_CONNECTION */;
/*!40111 SET SQL_NOTES=@OLD_SQL_NOTES */;

-- Dump completed on 2022-07-17  9:36:39
